,Season,Week,Team,Day,Date,Unnamed: 3,Unnamed: 4,OT,Unnamed: 6,Opp,Tm,Opp.1,Cmp,Att,Yds,TD,Int,Sk,Yds.1,Y/A,NY/A,Cmp%,Rate,Att.1,Yds.2,Y/A.1,TD.1,FGM,FGA,XPM,XPA,Pnt,Yds.3,3DConv,3DAtt,4DConv,4DAtt,ToP,Week.1,Day.1,Date.1,Unnamed: 3.1,Unnamed: 4.1,OT.1,Unnamed: 6.1,Opp.2,Tm.1,Opp.1.1,Cmp.1,Att.2,Yds.4,TD.2,Int.1,Sk.1,Yds.1.1,Y/A.2,NY/A.1,Cmp%.1,Rate.1,Att.1.1,Yds.2.1,Y/A.1.1,TD.1.1,FGM.1,FGA.1,XPM.1,XPA.1,Pnt.1,Yds.3.1,3DConv.1,3DAtt.1,4DConv.1,4DAtt.1,ToP.1
224,2010,1,JAX,Sun,September 12,boxscore,W,,,Denver Broncos,24,17,16,21,165,3,0,1,5,8.1,7.5,76.2,137.9,34,134,3.9,0,1,1,3,3,4,165,3,10,1,2,29:30,1,Sun,September 12,boxscore,W,,,Denver Broncos,24,17,21,33,274,1,1,3,21,8.9,7.6,63.6,87.2,25,89,3.6,1,1,1,2,2,4,172,3,10,1,2,30:30
225,2010,2,JAX,Sun,September 19,boxscore,L,,@,San Diego Chargers,13,38,26,42,279,1,4,2,14,7.0,6.3,61.9,49.7,24,71,3.0,0,2,2,1,1,0,0,6,12,1,3,30:24,2,Sun,September 19,boxscore,L,,@,San Diego Chargers,13,38,22,29,326,3,2,1,8,11.5,10.9,75.9,117.9,30,151,5.0,2,1,1,5,5,2,34,4,8,0,0,29:36
226,2010,3,JAX,Sun,September 26,boxscore,L,,,Philadelphia Eagles,3,28,13,30,52,0,1,7,53,3.5,1.4,43.3,36.8,32,139,4.3,0,1,1,0,0,8,384,5,17,1,2,32:53,3,Sun,September 26,boxscore,L,,,Philadelphia Eagles,3,28,17,31,267,3,0,3,24,9.4,7.9,54.8,115.9,21,106,5.0,1,0,0,4,4,7,316,5,13,0,1,27:07
227,2010,4,JAX,Sun,October 3,boxscore,W,,,Indianapolis Colts,31,28,17,22,163,2,0,0,0,7.4,7.4,77.3,127.7,35,174,5.0,2,1,1,4,4,4,170,9,13,0,0,29:46,4,Sun,October 3,boxscore,W,,,Indianapolis Colts,31,28,33,46,348,2,1,1,4,7.7,7.4,71.7,98.8,19,58,3.1,2,0,0,4,4,2,110,7,10,1,1,30:14
228,2010,5,JAX,Sun,October 10,boxscore,W,,@,Buffalo Bills,36,26,16,20,165,3,1,2,13,8.9,7.5,80.0,119.8,40,216,5.4,0,5,5,3,3,0,0,4,11,0,1,34:21,5,Sun,October 10,boxscore,W,,@,Buffalo Bills,36,26,20,30,196,3,0,3,24,7.3,5.9,66.7,118.2,21,110,5.2,0,2,2,2,2,4,194,3,11,0,2,25:39
229,2010,6,JAX,Mon,October 18,boxscore,L,,,Tennessee Titans,3,30,21,36,173,0,3,2,16,5.3,4.6,58.3,36.0,25,76,3.0,0,1,1,0,0,3,112,3,13,2,4,27:15,6,Mon,October 18,boxscore,L,,,Tennessee Titans,3,30,14,21,171,2,0,0,0,8.1,8.1,66.7,123.3,39,153,3.9,1,3,3,3,3,2,98,8,14,1,1,32:45
230,2010,7,JAX,Sun,October 24,boxscore,L,,@,Kansas City Chiefs,20,42,18,34,216,2,2,1,6,6.5,6.2,52.9,67.8,23,84,3.7,0,2,2,2,2,3,115,3,10,1,1,26:00,7,Sun,October 24,boxscore,L,,@,Kansas City Chiefs,20,42,13,18,190,2,0,1,3,10.7,10.0,72.2,143.3,42,236,5.6,3,0,0,6,6,3,136,6,11,1,2,34:00
231,2010,8,JAX,Sun,October 31,boxscore,W,,@,Dallas Cowboys,35,17,17,21,238,4,0,3,22,12.4,9.9,81.0,153.5,34,149,4.4,1,0,0,5,5,5,242,6,12,0,0,32:35,8,Sun,October 31,boxscore,W,,@,Dallas Cowboys,35,17,34,49,365,1,4,2,14,7.7,7.2,69.4,63.7,22,50,2.3,1,1,1,2,2,3,134,6,13,2,3,27:25
232,2010,10,JAX,Sun,November 14,boxscore,W,,,Houston Texans,31,24,24,31,326,2,0,2,16,11.0,9.9,77.4,131.9,36,165,4.6,2,1,3,4,4,3,131,4,11,1,1,35:23,10,Sun,November 14,boxscore,W,,,Houston Texans,31,24,22,32,314,2,0,0,0,9.8,9.8,68.8,121.1,21,81,3.9,1,1,1,3,3,4,150,4,10,0,0,24:37
233,2010,11,JAX,Sun,November 21,boxscore,W,,,Cleveland Browns,24,20,20,35,226,2,4,4,28,7.3,5.8,57.1,56.1,28,145,5.2,1,1,1,3,3,2,67,4,11,2,2,31:28,11,Sun,November 21,boxscore,W,,,Cleveland Browns,24,20,17,28,195,1,1,6,46,8.6,5.7,60.7,78.7,26,88,3.4,0,2,4,2,2,5,220,7,16,0,0,28:32
234,2010,12,JAX,Sun,November 28,boxscore,L,,@,New York Giants,20,24,20,35,121,0,1,4,41,4.6,3.1,57.1,52.2,34,207,6.1,2,2,2,2,2,3,130,10,16,0,0,35:27,12,Sun,November 28,boxscore,L,,@,New York Giants,20,24,14,24,226,2,0,0,0,9.4,9.4,58.3,117.7,26,135,5.2,0,3,3,1,1,3,149,3,10,0,0,24:33
235,2010,13,JAX,Sun,December 5,boxscore,W,,@,Tennessee Titans,17,6,14,19,119,0,0,1,7,6.6,6.0,73.7,89.6,53,258,4.9,2,1,3,2,2,2,86,6,15,2,3,39:54,13,Sun,December 5,boxscore,W,,@,Tennessee Titans,17,6,14,32,163,0,2,1,6,5.3,4.9,43.8,33.7,14,57,4.1,0,2,2,0,0,2,72,2,11,1,3,20:06
236,2010,14,JAX,Sun,December 12,boxscore,W,,,Oakland Raiders,38,31,11,22,151,3,1,2,8,7.2,6.3,50.0,93.0,34,234,6.9,2,1,1,5,5,5,207,5,12,0,0,29:55,14,Sun,December 12,boxscore,W,,,Oakland Raiders,38,31,22,33,323,2,1,3,21,10.4,9.0,66.7,106.0,25,153,6.1,2,1,1,4,4,5,210,6,13,0,1,30:05
237,2010,15,JAX,Sun,December 19,boxscore,L,,@,Indianapolis Colts,24,34,24,38,289,2,1,1,5,7.7,7.4,63.2,93.0,22,67,3.0,0,1,1,3,3,4,192,5,13,2,3,30:22,15,Sun,December 19,boxscore,L,,@,Indianapolis Colts,24,34,29,39,221,2,0,1,8,5.9,5.5,74.4,104.8,24,155,6.5,1,2,2,4,4,6,235,5,13,0,0,29:38
238,2010,16,JAX,Sun,December 26,boxscore,L,OT,,Washington Redskins,17,20,22,38,258,1,2,4,41,7.9,6.1,57.9,65.5,23,78,3.4,1,1,2,2,2,7,318,7,17,0,0,32:54,16,Sun,December 26,boxscore,L,OT,,Washington Redskins,17,20,19,39,172,1,1,1,10,4.7,4.3,48.7,58.9,24,79,3.3,1,2,2,2,2,9,368,4,15,1,1,29:53
239,2010,17,JAX,Sun,January 2,boxscore,L,,@,Houston Texans,17,34,12,25,124,1,1,2,16,5.6,4.6,48.0,59.4,35,198,5.7,1,1,2,2,2,4,177,1,10,3,3,30:48,17,Sun,January 2,boxscore,L,,@,Houston Texans,17,34,18,22,253,1,0,0,0,11.5,11.5,81.8,129.7,37,244,6.6,3,2,2,4,4,3,116,5,11,0,1,29:12
736,2011,1,JAX,Sun,September 11,boxscore,W,,,Tennessee Titans,16,14,17,24,160,0,0,2,15,7.3,6.2,70.8,88.9,47,163,3.5,1,3,3,1,1,5,218,9,18,0,0,39:38,1,Sun,September 11,boxscore,W,,,Tennessee Titans,16,14,21,34,249,2,1,2,14,7.7,6.9,61.8,91.4,13,43,3.3,0,0,1,2,2,7,291,4,11,0,0,20:22
737,2011,2,JAX,Sun,September 18,boxscore,L,,@,New York Jets,3,32,11,25,91,0,4,2,20,4.4,3.4,44.0,14.3,27,112,4.1,0,1,1,0,0,5,203,3,12,0,1,26:37,2,Sun,September 18,boxscore,L,,@,New York Jets,3,32,17,24,182,2,2,1,0,7.6,7.3,70.8,85.8,32,101,3.2,1,3,3,3,3,5,194,3,12,0,0,33:23
738,2011,3,JAX,Sun,September 25,boxscore,L,,@,Carolina Panthers,10,16,12,21,129,1,1,2,10,6.6,5.6,57.1,71.3,34,128,3.8,0,1,1,1,1,6,234,3,14,1,2,30:26,3,Sun,September 25,boxscore,L,,@,Carolina Panthers,10,16,18,34,158,1,0,0,0,4.6,4.6,52.9,75.4,28,107,3.8,0,2,2,0,0,8,307,6,16,0,0,29:34
739,2011,4,JAX,Sun,October 2,boxscore,L,,,New Orleans Saints,10,23,16,42,170,1,1,3,26,4.7,3.8,38.1,48.7,17,104,6.1,0,1,1,1,1,4,153,4,15,0,4,22:55,4,Sun,October 2,boxscore,L,,,New Orleans Saints,10,23,31,44,326,1,2,3,25,8.0,6.9,70.5,80.3,34,177,5.2,1,3,5,2,2,1,58,7,14,1,1,37:05
740,2011,5,JAX,Sun,October 9,boxscore,L,,,Cincinnati Bengals,20,30,15,28,200,1,0,3,21,7.9,6.5,53.6,88.4,27,96,3.6,1,2,2,2,2,7,264,6,16,0,0,27:27,5,Sun,October 9,boxscore,L,,,Cincinnati Bengals,20,30,21,33,162,2,1,2,17,5.4,4.6,63.6,83.1,31,77,2.5,1,1,1,3,4,7,334,8,19,2,3,32:33
741,2011,6,JAX,Sun,October 16,boxscore,L,,@,Pittsburgh Steelers,13,17,12,26,76,1,0,5,33,4.2,2.5,46.2,65.9,30,133,4.4,0,2,2,1,1,7,296,4,15,1,1,28:47,6,Sun,October 16,boxscore,L,,@,Pittsburgh Steelers,13,17,12,23,185,1,0,3,15,8.7,7.1,52.2,93.6,32,185,5.8,1,1,2,2,2,6,256,7,15,0,0,31:13
742,2011,7,JAX,Mon,October 24,boxscore,W,,,Baltimore Ravens,12,7,9,20,73,0,0,4,20,4.7,3.0,45.0,54.8,42,132,3.1,0,4,4,0,0,7,286,2,16,1,1,36:15,7,Mon,October 24,boxscore,W,,,Baltimore Ravens,12,7,21,38,112,1,1,3,25,3.6,2.7,55.3,58.4,12,34,2.8,0,0,1,1,1,9,470,2,12,0,0,23:45
743,2011,8,JAX,Sun,October 30,boxscore,L,,@,Houston Texans,14,24,10,32,90,1,2,1,7,3.0,2.7,31.3,25.0,25,84,3.4,1,0,0,2,2,8,374,5,14,1,1,24:41,8,Sun,October 30,boxscore,L,,@,Houston Texans,14,24,16,30,202,1,0,2,23,7.5,6.3,53.3,85.7,39,156,4.0,2,1,2,3,3,6,272,10,17,0,0,35:19
744,2011,10,JAX,Sun,November 13,boxscore,W,,@,Indianapolis Colts,17,3,14,21,110,1,1,2,8,5.6,4.8,66.7,75.5,41,141,3.4,1,1,2,2,2,6,232,6,15,0,0,35:21,10,Sun,November 13,boxscore,W,,@,Indianapolis Colts,17,3,20,29,128,0,2,5,33,5.6,3.8,69.0,49.2,23,84,3.7,0,1,1,0,0,6,246,4,15,0,1,24:39
745,2011,11,JAX,Sun,November 20,boxscore,L,,@,Cleveland Browns,10,14,22,41,195,0,0,1,15,5.1,4.6,53.7,66.6,29,108,3.7,1,1,1,1,1,5,203,7,15,0,0,30:53,11,Sun,November 20,boxscore,L,,@,Cleveland Browns,10,14,17,24,186,1,1,2,13,8.3,7.2,70.8,89.9,28,148,5.3,1,0,1,2,2,3,108,4,10,0,0,29:07
746,2011,12,JAX,Sun,November 27,boxscore,L,,,Houston Texans,13,20,20,40,150,0,1,7,48,5.0,3.2,50.0,49.0,24,105,4.4,0,2,3,1,1,9,380,5,19,0,1,31:39,12,Sun,November 27,boxscore,L,,,Houston Texans,13,20,18,28,127,1,0,0,0,4.5,4.5,64.3,86.5,31,88,2.8,1,2,2,2,2,10,436,2,15,0,0,28:21
747,2011,13,JAX,Mon,December 5,boxscore,L,,,San Diego Chargers,14,38,19,33,177,2,1,2,18,5.9,5.1,57.6,80.0,31,129,4.2,0,0,0,2,2,5,217,9,16,0,2,31:43,13,Mon,December 5,boxscore,L,,,San Diego Chargers,14,38,22,28,294,3,0,0,0,10.5,10.5,78.6,146.1,26,139,5.3,2,1,1,5,5,4,179,4,10,0,0,28:17
748,2011,14,JAX,Sun,December 11,boxscore,W,,,Tampa Bay Buccaneers,41,14,19,33,209,2,2,1,8,6.6,6.1,57.6,71.4,33,116,3.5,2,0,0,5,5,7,290,5,15,0,0,32:49,14,Sun,December 11,boxscore,W,,,Tampa Bay Buccaneers,41,14,17,32,170,0,3,3,14,5.8,4.9,53.1,29.4,24,110,4.6,2,0,0,2,2,5,189,3,11,1,2,27:11
749,2011,15,JAX,Thu,December 15,boxscore,L,,@,Atlanta Falcons,14,41,12,22,91,1,1,5,50,6.4,3.4,54.5,61.0,19,116,6.1,0,0,0,2,2,7,304,3,10,0,0,21:29,15,Thu,December 15,boxscore,L,,@,Atlanta Falcons,14,41,24,32,276,3,0,1,4,8.8,8.4,75.0,131.8,35,97,2.8,1,2,2,5,5,5,204,6,15,0,1,38:31
750,2011,16,JAX,Sat,December 24,boxscore,L,,@,Tennessee Titans,17,23,21,42,187,0,1,1,11,4.7,4.3,50.0,52.4,28,113,4.0,2,1,1,2,2,9,406,5,18,2,3,29:01,16,Sat,December 24,boxscore,L,,@,Tennessee Titans,17,23,24,40,342,1,2,1,8,8.8,8.3,60.0,75.2,25,65,2.6,1,3,3,2,2,4,172,3,12,0,0,30:59
751,2011,17,JAX,Sun,January 1,boxscore,W,,,Indianapolis Colts,19,13,11,19,71,1,0,3,21,4.8,3.2,57.9,83.4,35,190,5.4,0,4,4,1,1,2,87,5,13,0,1,30:48,17,Sun,January 1,boxscore,W,,,Indianapolis Colts,19,13,27,40,242,1,2,3,22,6.6,5.6,67.5,71.0,22,56,2.5,0,2,2,1,1,3,136,6,14,0,1,29:12
1248,2012,1,JAX,Sun,September 9,boxscore,L,OT,@,Minnesota Vikings,23,26,23,39,242,2,0,2,18,6.7,5.9,59.0,94.2,34,113,3.3,0,3,3,0,1,4,214,9,18,1,2,37:49,1,Sun,September 9,boxscore,L,OT,@,Minnesota Vikings,23,26,20,27,266,0,0,2,4,10.0,9.2,74.1,104.9,29,123,4.2,2,4,4,2,2,5,242,2,10,0,0,27:05
1249,2012,2,JAX,Sun,September 16,boxscore,L,,,Houston Texans,7,27,9,21,52,1,0,3,24,3.6,2.2,42.9,66.2,14,65,4.6,0,0,0,1,1,9,470,0,9,0,0,16:43,2,Sun,September 16,boxscore,L,,,Houston Texans,7,27,26,35,195,0,0,0,0,5.6,5.6,74.3,87.2,48,216,4.5,3,2,2,3,3,6,299,8,17,1,1,43:17
1250,2012,3,JAX,Sun,September 23,boxscore,W,,@,Indianapolis Colts,22,17,10,21,148,1,0,1,7,7.4,6.7,47.6,87.0,32,185,5.8,1,3,3,1,1,6,321,4,13,0,0,27:36,3,Sun,September 23,boxscore,W,,@,Indianapolis Colts,22,17,22,46,313,2,1,0,0,6.8,6.8,47.8,75.7,29,124,4.3,0,1,2,2,2,6,280,10,19,0,0,32:24
1251,2012,4,JAX,Sun,September 30,boxscore,L,,,Cincinnati Bengals,10,27,23,34,143,1,1,6,43,5.5,3.6,67.6,73.5,18,69,3.8,0,1,1,1,1,6,295,2,11,0,1,28:41,4,Sun,September 30,boxscore,L,,,Cincinnati Bengals,10,27,20,31,244,2,1,0,0,7.9,7.9,64.5,96.7,34,138,4.1,1,2,2,3,3,3,143,2,11,1,1,31:19
1252,2012,5,JAX,Sun,October 7,boxscore,L,,,Chicago Bears,3,41,17,33,129,0,2,3,13,4.3,3.6,51.5,36.0,17,60,3.5,0,1,1,0,0,6,291,5,13,0,0,24:00,5,Sun,October 7,boxscore,L,,,Chicago Bears,3,41,23,39,287,2,1,1,5,7.5,7.2,59.0,88.3,33,214,6.5,1,2,2,5,5,3,122,10,17,1,1,36:00
1253,2012,7,JAX,Sun,October 21,boxscore,L,OT,@,Oakland Raiders,23,26,17,32,155,1,0,3,26,5.7,4.4,53.1,77.0,26,54,2.1,1,3,3,2,2,9,379,1,15,0,1,30:05,7,Sun,October 21,boxscore,L,OT,@,Oakland Raiders,23,26,26,46,282,1,1,2,16,6.5,5.9,56.5,72.9,26,69,2.7,1,4,5,2,2,6,264,6,17,0,0,32:01
1254,2012,8,JAX,Sun,October 28,boxscore,L,,@,Green Bay Packers,15,24,27,49,279,1,0,2,24,6.2,5.5,55.1,78.5,20,62,3.1,0,3,3,0,0,6,203,5,16,0,2,30:48,8,Sun,October 28,boxscore,L,,@,Green Bay Packers,15,24,22,36,172,2,0,2,14,5.2,4.5,61.1,91.4,26,66,2.5,0,1,2,3,3,5,225,5,13,0,1,29:12
1255,2012,9,JAX,Sun,November 4,boxscore,L,,,Detroit Lions,14,31,27,38,215,2,2,1,5,5.8,5.5,71.1,80.5,20,64,3.2,0,0,0,0,0,4,202,6,11,1,1,24:30,9,Sun,November 4,boxscore,L,,,Detroit Lions,14,31,22,33,285,0,0,1,0,8.6,8.4,66.7,93.6,34,149,4.4,4,1,2,4,4,2,99,8,12,0,0,35:30
1256,2012,10,JAX,Thu,November 8,boxscore,L,,,Indianapolis Colts,10,27,28,47,300,1,2,4,30,7.0,5.9,59.6,67.7,12,37,3.1,0,1,2,1,1,5,236,1,10,1,2,24:14,10,Thu,November 8,boxscore,L,,,Indianapolis Colts,10,27,18,26,221,0,1,2,6,8.7,7.9,69.2,79.2,37,138,3.7,2,2,2,3,3,3,135,3,11,1,1,35:46
1257,2012,11,JAX,Sun,November 18,boxscore,L,OT,@,Houston Texans,37,43,18,35,372,4,0,2,6,10.8,10.1,51.4,127.3,29,86,3.0,0,3,3,4,4,5,242,4,14,1,2,31:19,11,Sun,November 18,boxscore,L,OT,@,Houston Texans,37,43,43,55,504,5,2,2,23,9.6,8.8,78.2,120.0,35,149,4.3,0,3,5,4,4,3,111,4,11,0,0,41:40
1258,2012,12,JAX,Sun,November 25,boxscore,W,,,Tennessee Titans,24,19,17,26,221,2,1,7,40,10.0,6.7,65.4,101.6,27,100,3.7,1,1,1,3,3,5,235,7,14,0,1,29:23,12,Sun,November 25,boxscore,W,,,Tennessee Titans,24,19,23,40,250,1,2,1,11,6.5,6.1,57.5,63.5,29,110,3.8,0,4,5,1,1,4,201,6,15,0,0,30:37
1259,2012,13,JAX,Sun,December 2,boxscore,L,,@,Buffalo Bills,18,34,19,42,186,1,1,3,16,4.8,4.1,45.2,56.3,18,50,2.8,1,1,1,1,1,5,208,1,10,0,3,24:51,13,Sun,December 2,boxscore,L,,@,Buffalo Bills,18,34,9,17,112,2,1,0,0,6.6,6.6,52.9,88.4,46,232,5.0,2,2,2,4,4,4,178,5,12,0,1,35:09
1260,2012,14,JAX,Sun,December 9,boxscore,L,,,New York Jets,10,17,21,43,168,0,2,3,17,4.3,3.7,48.8,39.7,24,123,5.1,1,1,2,1,1,8,363,2,16,3,3,29:29,14,Sun,December 9,boxscore,L,,,New York Jets,10,17,12,19,104,0,0,1,7,5.8,5.2,63.2,77.5,42,166,4.0,2,1,1,2,2,7,326,4,13,0,0,30:31
1261,2012,15,JAX,Sun,December 16,boxscore,L,,@,Miami Dolphins,3,24,18,34,213,0,0,2,8,6.5,5.9,52.9,72.3,21,86,4.1,0,1,1,0,0,5,237,6,15,0,3,24:22,15,Sun,December 16,boxscore,L,,@,Miami Dolphins,3,24,22,29,209,2,0,1,11,7.6,7.0,75.9,118.3,36,180,5.0,0,3,3,1,1,1,63,6,11,0,1,35:38
1262,2012,16,JAX,Sun,December 23,boxscore,L,,,New England Patriots,16,23,29,51,343,1,3,1,5,6.8,6.6,56.9,59.5,23,93,4.0,0,3,4,1,1,4,225,4,15,1,2,32:35,16,Sun,December 23,boxscore,L,,,New England Patriots,16,23,24,41,246,2,2,3,21,6.5,5.6,58.5,71.8,27,103,3.8,0,3,3,2,2,5,239,4,12,0,0,27:25
1263,2012,17,JAX,Sun,December 30,boxscore,L,,@,Tennessee Titans,20,38,25,41,253,2,3,7,45,7.3,5.3,61.0,64.4,23,122,5.3,0,0,0,2,2,5,232,7,16,0,3,32:21,17,Sun,December 30,boxscore,L,,@,Tennessee Titans,20,38,9,15,142,0,0,2,10,10.1,8.4,60.0,91.5,34,79,2.3,1,1,1,5,5,5,204,6,14,0,2,27:39
1760,2013,1,JAX,Sun,September 8,boxscore,L,,,Kansas City Chiefs,2,28,19,41,107,0,2,6,50,3.8,2.3,46.3,32.9,23,71,3.1,0,0,0,0,0,11,556,5,19,0,1,28:30,1,Sun,September 8,boxscore,L,,,Kansas City Chiefs,2,28,21,34,171,2,0,1,2,5.1,4.9,61.8,94.1,27,121,4.5,1,0,0,4,4,10,363,5,15,0,0,31:30
1761,2013,2,JAX,Sun,September 15,boxscore,L,,@,Oakland Raiders,9,19,25,38,214,1,0,5,27,6.3,5.0,65.8,89.1,19,34,1.8,0,1,1,0,0,8,349,7,17,1,1,28:12,2,Sun,September 15,boxscore,L,,@,Oakland Raiders,9,19,15,24,114,0,0,3,12,5.3,4.2,62.5,74.0,34,226,6.6,1,4,5,1,1,4,192,4,14,0,0,31:48
1762,2013,3,JAX,Sun,September 22,boxscore,L,,@,Seattle Seahawks,17,45,18,38,214,0,2,3,21,6.2,5.2,47.4,43.1,25,51,2.0,2,1,1,2,2,7,299,4,14,1,1,27:25,3,Sun,September 22,boxscore,L,,@,Seattle Seahawks,17,45,21,29,323,5,1,2,8,11.4,10.4,72.4,134.1,36,156,4.3,1,1,1,6,6,4,140,4,10,0,0,32:35
1763,2013,4,JAX,Sun,September 29,boxscore,L,,,Indianapolis Colts,3,37,17,32,165,0,3,4,14,5.6,4.6,53.1,28.8,18,40,2.2,0,1,1,0,0,6,290,2,11,0,1,23:22,4,Sun,September 29,boxscore,L,,,Indianapolis Colts,3,37,23,38,280,2,1,2,14,7.7,7.0,60.5,89.8,30,157,5.2,1,3,3,4,4,3,138,6,13,0,0,36:38
1764,2013,5,JAX,Sun,October 6,boxscore,L,,@,St. Louis Rams,20,34,16,32,267,2,2,2,3,8.4,7.9,50.0,73.3,25,96,3.8,0,2,2,2,2,5,241,3,12,0,2,24:41,5,Sun,October 6,boxscore,L,,@,St. Louis Rams,20,34,19,34,208,3,0,2,14,6.5,5.8,55.9,103.6,36,143,4.0,0,2,2,4,4,7,286,8,19,0,0,35:19
1765,2013,6,JAX,Sun,October 13,boxscore,L,,@,Denver Broncos,19,35,27,42,291,0,2,2,12,7.2,6.6,64.3,64.7,27,71,2.6,1,2,2,1,1,3,135,5,14,0,3,31:15,6,Sun,October 13,boxscore,L,,@,Denver Broncos,19,35,28,42,295,2,1,0,0,7.0,7.0,66.7,92.9,29,112,3.9,3,0,0,5,5,3,129,7,13,1,1,28:45
1766,2013,7,JAX,Sun,October 20,boxscore,L,,,San Diego Chargers,6,24,23,36,275,0,1,6,43,8.8,6.5,63.9,75.6,17,78,4.6,0,2,2,0,0,3,150,3,11,1,3,22:30,7,Sun,October 20,boxscore,L,,,San Diego Chargers,6,24,22,26,276,1,0,1,9,11.0,10.2,84.6,123.7,40,158,4.0,2,1,1,3,3,3,134,7,12,0,0,37:30
1767,2013,8,JAX,Sun,October 27,boxscore,L,,,San Francisco 49ers,10,42,29,45,228,1,0,0,0,5.1,5.1,64.4,84.3,25,90,3.6,0,1,1,1,1,4,178,4,14,3,5,31:31,8,Sun,October 27,boxscore,L,,,San Francisco 49ers,10,42,11,17,177,1,0,0,0,10.4,10.4,64.7,119.0,38,221,5.8,4,0,0,6,6,1,61,6,9,2,2,28:29
1768,2013,10,JAX,Sun,November 10,boxscore,W,,@,Tennessee Titans,29,27,14,23,160,0,2,3,20,7.8,6.2,60.9,45.6,30,54,1.8,2,2,2,3,3,7,304,3,12,0,0,29:24,10,Sun,November 10,boxscore,W,,@,Tennessee Titans,29,27,26,42,279,2,1,1,9,6.9,6.5,61.9,87.3,27,83,3.1,1,2,2,3,3,5,219,10,18,0,0,30:36
1769,2013,11,JAX,Sun,November 17,boxscore,L,,,Arizona Cardinals,14,27,27,42,242,1,2,2,13,6.1,5.5,64.3,67.8,16,32,2.0,1,0,1,2,2,8,382,2,14,2,3,24:07,11,Sun,November 17,boxscore,L,,,Arizona Cardinals,14,27,30,42,402,2,0,3,17,10.0,8.9,71.4,117.4,24,14,0.6,1,2,2,3,3,8,358,5,16,0,0,35:53
1770,2013,12,JAX,Sun,November 24,boxscore,W,,@,Houston Texans,13,6,23,33,215,0,0,4,24,7.2,5.8,69.7,87.3,28,118,4.2,1,2,3,1,1,6,259,7,17,1,1,33:41,12,Sun,November 24,boxscore,W,,@,Houston Texans,13,6,18,34,141,0,1,2,28,5.0,3.9,52.9,51.2,21,77,3.7,0,2,2,0,0,7,314,4,15,0,1,26:19
1771,2013,13,JAX,Sun,December 1,boxscore,W,,@,Cleveland Browns,32,28,23,41,202,3,1,2,1,5.0,4.7,56.1,83.6,29,112,3.9,0,3,3,3,3,7,306,7,16,0,0,30:36,13,Sun,December 1,boxscore,W,,@,Cleveland Browns,32,28,24,40,342,3,2,3,28,9.3,8.0,60.0,91.9,30,97,3.2,1,0,1,4,4,4,158,6,13,1,1,29:24
1772,2013,14,JAX,Thu,December 5,boxscore,W,,,Houston Texans,27,20,13,28,132,3,0,1,6,4.9,4.6,46.4,96.1,28,149,5.3,0,2,2,3,3,8,341,4,14,0,0,24:38,14,Thu,December 5,boxscore,W,,,Houston Texans,27,20,33,58,323,2,2,3,34,6.2,5.3,56.9,69.8,19,83,4.4,0,2,2,2,2,5,219,8,17,1,2,35:22
1773,2013,15,JAX,Sun,December 15,boxscore,L,,,Buffalo Bills,20,27,21,36,195,2,2,5,42,6.6,4.8,58.3,68.6,31,159,5.1,0,2,2,2,2,3,136,8,15,0,1,27:25,15,Sun,December 15,boxscore,L,,,Buffalo Bills,20,27,17,24,168,2,1,4,25,8.0,6.0,70.8,100.7,44,198,4.5,1,2,3,3,3,4,180,5,13,0,0,32:35
1774,2013,16,JAX,Sun,December 22,boxscore,L,,,Tennessee Titans,16,20,24,34,226,2,1,2,11,7.0,6.3,70.6,96.0,21,63,3.0,0,1,1,1,2,4,182,3,11,1,3,24:21,16,Sun,December 22,boxscore,L,,,Tennessee Titans,16,20,17,26,164,1,1,3,17,7.0,5.7,65.4,79.6,44,182,4.1,1,2,2,2,2,3,140,3,13,3,4,35:39
1775,2013,17,JAX,Sun,December 29,boxscore,L,,@,Indianapolis Colts,10,30,30,51,308,1,1,3,23,6.5,5.7,58.8,74.6,16,42,2.6,0,1,1,1,1,5,230,3,14,3,5,26:20,17,Sun,December 29,boxscore,L,,@,Indianapolis Colts,10,30,29,41,299,1,0,1,8,7.5,7.1,70.7,99.5,28,80,2.9,2,3,3,3,3,5,237,8,16,1,1,33:40
2272,2014,1,JAX,Sun,September 7,boxscore,L,,@,Philadelphia Eagles,17,34,24,43,242,2,0,3,24,6.2,5.3,55.8,87.5,24,64,2.7,0,1,3,2,2,8,372,2,14,0,1,29:14,1,Sun,September 7,boxscore,L,,@,Philadelphia Eagles,17,34,27,45,275,2,1,5,47,7.2,5.5,60.0,83.1,32,145,4.5,1,2,2,4,4,6,230,8,19,1,1,30:46
2273,2014,2,JAX,Sun,September 14,boxscore,L,,@,Washington Redskins,10,41,14,28,123,1,1,10,70,6.9,3.2,50.0,59.1,10,25,2.5,0,1,1,1,1,8,383,3,13,0,1,20:59,2,Sun,September 14,boxscore,L,,@,Washington Redskins,10,41,24,36,258,2,0,3,30,8.0,6.6,66.7,106.0,42,191,4.5,3,2,2,5,5,4,199,6,14,1,2,39:01
2274,2014,3,JAX,Sun,September 21,boxscore,L,,,Indianapolis Colts,17,44,18,31,239,2,2,4,17,8.3,6.8,58.1,77.2,20,105,5.3,0,1,1,2,2,5,232,4,10,0,0,22:57,3,Sun,September 21,boxscore,L,,,Indianapolis Colts,17,44,33,43,385,4,0,2,5,9.1,8.6,76.7,134.4,29,144,5.0,0,3,3,5,5,2,107,8,14,0,1,37:03
2275,2014,4,JAX,Sun,September 28,boxscore,L,,@,San Diego Chargers,14,33,29,37,235,1,2,3,19,6.9,5.9,78.4,79.6,25,85,3.4,1,0,0,2,2,2,111,9,14,0,2,30:34,4,Sun,September 28,boxscore,L,,@,San Diego Chargers,14,33,29,39,365,3,0,2,12,9.7,8.9,74.4,128.7,20,42,2.1,0,4,4,3,3,3,126,9,16,0,0,29:26
2276,2014,5,JAX,Sun,October 5,boxscore,L,,,Pittsburgh Steelers,9,17,22,36,187,0,2,1,4,5.3,5.1,61.1,51.5,15,56,3.7,0,3,3,0,0,5,225,3,12,1,1,24:43,5,Sun,October 5,boxscore,L,,,Pittsburgh Steelers,9,17,26,36,261,1,0,4,12,7.6,6.5,72.2,101.7,28,111,4.0,0,1,1,2,2,5,227,8,16,0,0,35:17
2277,2014,6,JAX,Sun,October 12,boxscore,L,,@,Tennessee Titans,14,16,32,46,297,1,1,6,39,7.3,5.7,69.6,85.1,23,82,3.6,1,0,1,2,2,6,286,8,15,0,0,31:07,6,Sun,October 12,boxscore,L,,@,Tennessee Titans,14,16,17,28,220,0,0,3,13,8.3,7.1,60.7,85.4,24,70,2.9,1,3,3,1,1,5,249,3,11,0,0,28:53
2278,2014,7,JAX,Sun,October 19,boxscore,W,,,Cleveland Browns,24,6,17,31,151,1,3,2,8,5.1,4.6,54.8,39.2,35,185,5.3,2,1,1,3,3,8,345,5,16,0,0,31:33,7,Sun,October 19,boxscore,W,,,Cleveland Browns,24,6,16,41,197,0,1,3,18,5.2,4.5,39.0,44.5,30,69,2.3,0,2,2,0,0,7,353,4,17,0,3,28:27
2279,2014,8,JAX,Sun,October 26,boxscore,L,,,Miami Dolphins,13,27,18,34,201,1,2,4,20,6.5,5.3,52.9,56.1,30,176,5.9,0,2,3,1,1,4,187,6,15,2,2,32:23,8,Sun,October 26,boxscore,L,,,Miami Dolphins,13,27,16,29,178,1,1,3,18,6.8,5.6,55.2,70.8,24,148,6.2,0,2,2,3,3,5,255,5,12,0,0,27:37
2280,2014,9,JAX,Sun,November 2,boxscore,L,,@,Cincinnati Bengals,23,33,22,33,233,2,1,2,14,7.5,6.7,66.7,94.6,25,132,5.3,1,1,1,2,2,7,250,4,12,0,0,27:16,9,Sun,November 2,boxscore,L,,@,Cincinnati Bengals,23,33,19,31,232,2,2,2,1,7.5,7.0,61.3,79.0,34,191,5.6,2,1,1,4,4,5,252,6,13,0,0,32:44
2281,2014,10,JAX,Sun,November 9,boxscore,L,,,Dallas Cowboys,17,31,22,37,262,0,1,4,28,7.8,6.4,59.5,69.9,24,71,3.0,2,0,0,1,1,6,283,4,14,2,4,28:28,10,Sun,November 9,boxscore,L,,,Dallas Cowboys,17,31,21,28,248,3,0,1,6,9.1,8.6,75.0,137.2,30,151,5.0,1,1,2,4,4,5,234,4,13,0,0,31:32
2282,2014,12,JAX,Sun,November 23,boxscore,L,,@,Indianapolis Colts,3,23,15,27,114,0,1,4,32,5.4,3.7,55.6,50.5,23,80,3.5,0,1,1,0,0,7,346,3,12,0,1,25:55,12,Sun,November 23,boxscore,L,,@,Indianapolis Colts,3,23,21,32,214,1,0,5,39,7.9,5.8,65.6,95.1,35,175,5.0,1,3,3,2,2,3,146,9,17,0,0,34:05
2283,2014,13,JAX,Sun,November 30,boxscore,W,,,New York Giants,25,24,21,35,140,1,0,7,54,5.5,3.3,60.0,78.3,22,118,5.4,0,2,2,1,1,7,367,3,12,0,0,25:21,13,Sun,November 30,boxscore,W,,,New York Giants,25,24,24,34,213,1,0,4,34,7.3,5.6,70.6,96.8,35,116,3.3,2,1,2,3,3,5,259,7,15,0,0,34:39
2284,2014,14,JAX,Sun,December 7,boxscore,L,,,Houston Texans,13,27,20,40,188,1,1,4,17,5.1,4.3,50.0,61.2,22,74,3.4,0,2,2,1,1,4,193,5,15,0,2,27:31,14,Sun,December 7,boxscore,L,,,Houston Texans,13,27,13,19,135,0,0,1,0,7.1,6.8,68.4,88.7,43,169,3.9,3,2,2,3,3,5,238,3,14,2,2,32:29
2285,2014,15,JAX,Sun,December 14,boxscore,L,,@,Baltimore Ravens,12,20,22,38,166,0,1,8,63,6.0,3.6,57.9,57.6,23,82,3.6,0,4,5,0,0,6,267,5,18,1,3,31:42,15,Sun,December 14,boxscore,L,,@,Baltimore Ravens,12,20,20,30,221,1,0,0,0,7.4,7.4,66.7,99.4,26,93,3.6,0,2,4,2,2,4,203,4,12,0,0,28:18
2286,2014,16,JAX,Thu,December 18,boxscore,W,,,Tennessee Titans,21,13,14,27,111,1,0,4,13,4.6,3.6,51.9,74.8,25,177,7.1,2,0,0,3,3,7,321,5,13,0,0,25:08,16,Thu,December 18,boxscore,W,,,Tennessee Titans,21,13,24,35,262,1,0,4,25,8.2,6.7,68.6,99.9,28,95,3.4,0,2,2,1,1,5,203,7,15,0,1,34:52
2287,2014,17,JAX,Sun,December 28,boxscore,L,,@,Houston Texans,17,23,15,34,112,1,0,5,28,4.1,2.9,44.1,62.4,14,121,8.6,0,1,2,2,2,6,296,0,11,1,2,20:12,17,Sun,December 28,boxscore,L,,@,Houston Texans,17,23,25,35,235,2,1,3,13,7.1,6.2,71.4,96.7,39,123,3.2,1,0,0,3,3,6,278,10,18,0,0,39:48
2784,2015,1,JAX,Sun,September 13,boxscore,L,,,Carolina Panthers,9,20,22,40,169,1,2,5,14,4.6,3.8,55.0,53.0,21,96,4.6,0,1,2,0,1,5,231,3,12,1,2,25:54,1,Sun,September 13,boxscore,L,,,Carolina Panthers,9,20,18,31,158,1,1,2,17,5.6,4.8,58.1,69.0,35,105,3.0,0,2,4,2,2,4,179,8,17,1,1,34:06
2785,2015,2,JAX,Sun,September 20,boxscore,W,,,Miami Dolphins,23,20,18,33,273,2,0,0,0,8.3,8.3,54.5,102.2,33,123,3.7,0,3,3,2,2,7,317,5,14,0,0,30:08,2,Sun,September 20,boxscore,W,,,Miami Dolphins,23,20,30,44,344,2,0,2,15,8.2,7.5,68.2,106.6,16,42,2.6,0,2,3,2,2,6,289,5,15,0,1,29:52
2786,2015,3,JAX,Sun,September 27,boxscore,L,,@,New England Patriots,17,51,17,33,236,2,1,2,6,7.3,6.7,51.5,82.4,20,57,2.9,0,1,1,2,2,4,195,6,12,0,1,25:20,3,Sun,September 27,boxscore,L,,@,New England Patriots,17,51,33,42,346,2,0,2,12,8.5,7.9,78.6,116.9,32,125,3.9,4,3,3,6,6,0,0,11,14,0,0,34:40
2787,2015,4,JAX,Sun,October 4,boxscore,L,OT,@,Indianapolis Colts,13,16,28,50,289,1,0,1,9,6.0,5.7,56.0,79.5,28,142,5.1,0,2,4,1,1,8,307,7,18,0,0,36:10,4,Sun,October 4,boxscore,L,OT,@,Indianapolis Colts,13,16,30,47,266,1,0,3,16,6.0,5.3,63.8,85.9,24,60,2.5,0,3,3,1,1,6,287,7,15,0,0,34:14
2788,2015,5,JAX,Sun,October 11,boxscore,L,,@,Tampa Bay Buccaneers,31,38,23,33,270,4,1,6,33,9.2,6.9,69.7,121.2,17,55,3.2,0,1,1,4,4,4,221,2,8,1,1,25:19,5,Sun,October 11,boxscore,L,,@,Tampa Bay Buccaneers,31,38,13,19,186,1,0,2,23,11.0,8.9,68.4,117.4,40,183,4.6,2,3,3,3,3,3,101,5,11,0,0,34:41
2789,2015,6,JAX,Sun,October 18,boxscore,L,,,Houston Texans,20,31,30,53,311,3,3,3,20,6.2,5.6,56.6,69.0,21,83,4.0,0,0,0,2,3,5,234,5,15,2,2,29:58,6,Sun,October 18,boxscore,L,,,Houston Texans,20,31,24,36,287,3,0,1,6,8.1,7.8,66.7,118.6,31,95,3.1,0,1,1,4,4,4,155,7,14,1,2,30:02
2790,2015,7,JAX,Sun,October 25,boxscore,W,,,Buffalo Bills,34,31,13,29,175,2,1,2,7,6.3,5.6,44.8,73.2,32,120,3.8,1,0,0,4,5,6,269,5,14,0,1,28:38,7,Sun,October 25,boxscore,W,,,Buffalo Bills,34,31,24,42,260,2,2,4,38,7.1,5.7,57.1,71.5,28,115,4.1,0,3,3,2,2,3,148,3,12,0,1,31:22
2791,2015,9,JAX,Sun,November 8,boxscore,L,,@,New York Jets,23,28,24,40,338,2,2,6,43,9.5,7.3,60.0,83.1,19,98,5.2,0,3,3,2,2,5,203,7,16,0,0,29:16,9,Sun,November 8,boxscore,L,,@,New York Jets,23,28,21,34,261,2,0,2,11,8.0,7.3,61.8,105.1,28,29,1.0,2,0,0,4,4,9,351,5,15,1,1,30:44
2792,2015,10,JAX,Sun,November 15,boxscore,W,,@,Baltimore Ravens,22,20,22,45,168,2,1,3,20,4.2,3.5,48.9,63.9,22,90,4.1,0,3,4,1,1,7,364,4,16,0,0,30:32,10,Sun,November 15,boxscore,W,,@,Baltimore Ravens,22,20,34,45,308,3,2,1,8,7.0,6.7,75.6,97.3,21,89,4.2,0,0,1,2,2,5,202,8,14,0,1,29:28
2793,2015,11,JAX,Thu,November 19,boxscore,W,,,Tennessee Titans,19,13,21,31,218,1,1,4,24,7.8,6.2,67.7,85.1,23,90,3.9,0,4,4,1,1,4,192,4,13,0,0,28:25,11,Thu,November 19,boxscore,W,,,Tennessee Titans,19,13,22,35,212,0,0,4,19,6.6,5.4,62.9,79.7,26,104,4.0,1,2,3,1,1,5,226,5,13,0,0,31:35
2794,2015,12,JAX,Sun,November 29,boxscore,L,,,San Diego Chargers,25,31,30,49,318,2,1,2,11,6.7,6.2,61.2,85.2,19,102,5.4,0,4,4,1,2,3,124,5,15,2,3,28:36,12,Sun,November 29,boxscore,L,,,San Diego Chargers,25,31,29,43,290,4,0,2,10,7.0,6.4,67.4,117.4,26,79,3.0,0,1,1,4,4,6,247,6,14,1,1,31:24
2795,2015,13,JAX,Sun,December 6,boxscore,L,,@,Tennessee Titans,39,42,24,36,302,5,0,2,20,8.9,7.9,66.7,132.2,21,81,3.9,1,0,0,3,5,3,160,10,14,0,1,26:26,13,Sun,December 6,boxscore,L,,@,Tennessee Titans,39,42,20,29,257,3,1,4,11,9.2,7.8,69.0,116.6,35,210,6.0,2,0,0,6,6,3,133,8,13,0,0,33:34
2796,2015,14,JAX,Sun,December 13,boxscore,W,,,Indianapolis Colts,51,16,16,30,226,3,0,3,24,8.3,6.8,53.3,111.2,29,154,5.3,2,1,1,6,7,5,228,2,9,1,1,29:12,14,Sun,December 13,boxscore,W,,,Indianapolis Colts,51,16,20,43,227,0,1,3,33,6.0,4.9,46.5,53.1,23,95,4.1,0,3,3,1,1,7,335,4,16,1,2,30:48
2797,2015,15,JAX,Sun,December 20,boxscore,L,,,Atlanta Falcons,17,23,23,38,285,1,1,2,12,7.8,7.1,60.5,81.6,20,85,4.3,1,1,1,2,2,6,254,0,8,0,1,25:27,15,Sun,December 20,boxscore,L,,,Atlanta Falcons,17,23,22,35,245,1,1,1,1,7.0,6.8,62.9,81.2,33,83,2.5,1,3,3,2,2,5,216,7,14,0,0,34:33
2798,2015,16,JAX,Sun,December 27,boxscore,L,,@,New Orleans Saints,27,38,27,35,347,4,2,2,21,10.5,9.4,77.1,122.0,15,65,4.3,0,0,0,1,1,3,150,6,9,0,0,22:07,16,Sun,December 27,boxscore,L,,@,New Orleans Saints,27,38,25,36,402,3,0,1,10,11.4,10.9,69.4,134.3,35,135,3.9,2,1,3,5,5,2,99,8,13,1,1,37:53
2799,2015,17,JAX,Sun,January 3,boxscore,L,,@,Houston Texans,6,30,17,32,183,0,2,8,56,7.5,4.6,53.1,44.1,14,32,2.3,0,2,2,0,0,5,251,1,12,1,2,24:23,17,Sun,January 3,boxscore,L,,@,Houston Texans,6,30,25,41,242,1,1,2,7,6.1,5.6,61.0,75.5,31,160,5.2,1,3,4,3,3,4,190,8,17,0,1,35:37
3296,2016,1,JAX,Sun,September 11,boxscore,L,,,Green Bay Packers,23,27,24,39,300,1,1,3,20,8.2,7.1,61.5,83.3,26,48,1.8,1,3,3,2,2,2,125,4,15,3,4,31:23,1,Sun,September 11,boxscore,L,,,Green Bay Packers,23,27,20,34,199,2,0,1,0,5.9,5.7,58.8,95.1,25,95,3.8,1,2,2,3,3,4,184,7,14,1,1,28:37
3297,2016,2,JAX,Sun,September 18,boxscore,L,,@,San Diego Chargers,14,38,31,50,319,2,2,2,10,6.6,6.1,62.0,77.0,11,69,6.3,0,0,1,2,2,4,179,2,11,1,2,25:08,2,Sun,September 18,boxscore,L,,@,San Diego Chargers,14,38,17,25,207,4,0,3,13,8.8,7.4,68.0,132.8,35,150,4.3,1,1,1,5,5,4,173,7,13,0,0,34:52
3298,2016,3,JAX,Sun,September 25,boxscore,L,,,Baltimore Ravens,17,19,24,38,168,2,3,4,26,5.1,4.0,63.2,57.8,21,48,2.3,0,1,2,2,2,6,249,6,16,0,0,28:54,3,Sun,September 25,boxscore,L,,,Baltimore Ravens,17,19,29,40,199,0,2,2,15,5.4,4.7,72.5,62.4,22,84,3.8,1,4,4,1,1,5,243,3,13,1,1,31:06
3299,2016,4,JAX,Sun,October 2,boxscore,W,,,Indianapolis Colts,30,27,19,33,195,2,0,3,12,6.3,5.4,57.6,94.9,29,136,4.7,1,3,3,3,3,5,269,3,11,1,1,27:21,4,Sun,October 2,boxscore,W,,,Indianapolis Colts,30,27,27,42,190,2,1,6,44,5.6,4.0,64.3,80.5,25,94,3.8,1,2,2,3,3,3,149,9,17,0,2,32:39
3300,2016,6,JAX,Sun,October 16,boxscore,W,,@,Chicago Bears,17,16,20,33,263,1,1,2,8,8.2,7.5,60.6,83.3,20,54,2.7,1,1,1,2,2,5,275,2,10,0,0,24:13,6,Sun,October 16,boxscore,W,,@,Chicago Bears,17,16,30,49,297,0,0,1,5,6.2,5.9,61.2,78.4,27,92,3.4,1,3,3,1,1,6,261,7,17,0,1,35:47
3301,2016,7,JAX,Sun,October 23,boxscore,L,,,Oakland Raiders,16,33,23,43,239,1,2,1,7,5.7,5.4,53.5,58.2,16,105,6.6,0,3,3,1,1,5,239,4,13,0,0,26:33,7,Sun,October 23,boxscore,L,,,Oakland Raiders,16,33,23,37,200,1,0,0,0,5.4,5.4,62.2,85.4,34,144,4.2,2,4,4,3,3,5,273,8,18,1,1,33:27
3302,2016,8,JAX,Thu,October 27,boxscore,L,,@,Tennessee Titans,22,36,33,54,322,3,0,2,15,6.2,5.8,61.1,96.4,11,48,4.4,0,0,0,2,2,6,275,6,13,0,1,25:35,8,Thu,October 27,boxscore,L,,@,Tennessee Titans,22,36,19,23,280,2,0,0,0,12.2,12.2,82.6,146.4,43,214,5.0,2,3,3,3,4,4,155,9,15,0,0,34:25
3303,2016,9,JAX,Sun,November 6,boxscore,L,,@,Kansas City Chiefs,14,19,22,41,244,2,1,2,8,6.1,5.7,53.7,77.7,32,205,6.4,0,0,1,2,2,4,167,5,13,0,2,29:39,9,Sun,November 6,boxscore,L,,@,Kansas City Chiefs,14,19,20,33,169,1,0,2,18,5.7,4.8,60.6,84.0,22,62,2.8,0,4,4,1,1,7,353,1,14,1,1,30:21
3304,2016,10,JAX,Sun,November 13,boxscore,L,,,Houston Texans,21,24,32,49,247,2,1,2,18,5.4,4.8,65.3,82.6,22,80,3.6,0,2,2,1,1,3,115,10,17,0,1,32:10,10,Sun,November 13,boxscore,L,,,Houston Texans,21,24,14,27,92,2,0,1,7,3.7,3.3,51.9,84.2,33,181,5.5,0,1,3,3,3,3,138,7,15,0,1,27:50
3305,2016,11,JAX,Sun,November 20,boxscore,L,,@,Detroit Lions,19,26,22,35,202,2,2,0,0,5.8,5.8,62.9,73.7,27,83,3.1,0,2,2,1,2,6,245,4,14,0,0,32:55,11,Sun,November 20,boxscore,L,,@,Detroit Lions,19,26,24,33,263,0,0,3,15,8.4,7.3,72.7,95.9,21,14,0.7,1,2,2,2,3,6,291,5,14,0,0,27:05
3306,2016,12,JAX,Sun,November 27,boxscore,L,,@,Buffalo Bills,21,28,13,26,118,2,0,2,8,4.8,4.2,50.0,88.3,37,183,4.9,1,0,0,3,3,6,273,8,15,0,1,33:35,12,Sun,November 27,boxscore,L,,@,Buffalo Bills,21,28,12,18,151,1,0,5,15,9.2,6.6,66.7,111.1,29,153,5.3,3,0,0,2,3,6,264,5,12,1,1,26:25
3307,2016,13,JAX,Sun,December 4,boxscore,L,,,Denver Broncos,10,20,19,42,179,0,2,1,2,4.3,4.2,45.2,37.7,38,154,4.1,1,1,1,1,1,8,369,6,18,1,2,34:34,13,Sun,December 4,boxscore,L,,,Denver Broncos,10,20,12,24,102,0,0,2,2,4.3,3.9,50.0,61.5,28,104,3.7,1,2,2,2,2,11,506,1,13,0,0,25:26
3308,2016,14,JAX,Sun,December 11,boxscore,L,,,Minnesota Vikings,16,25,23,37,230,1,0,4,27,6.9,5.6,62.2,88.8,24,85,3.5,0,3,5,1,1,4,163,7,16,1,1,29:04,14,Sun,December 11,boxscore,L,,,Minnesota Vikings,16,25,24,34,292,1,0,0,0,8.6,8.6,70.6,106.5,29,85,2.9,1,4,4,1,2,1,42,3,11,0,1,30:56
3309,2016,15,JAX,Sun,December 18,boxscore,L,,@,Houston Texans,20,21,12,28,83,0,1,2,9,3.3,2.8,42.9,35.4,20,67,3.4,1,2,2,2,2,6,315,3,13,0,1,23:18,15,Sun,December 18,boxscore,L,,@,Houston Texans,20,21,29,47,308,0,2,0,0,6.6,6.6,61.7,63.1,31,79,2.5,1,4,4,1,1,5,226,4,14,0,1,36:42
3310,2016,16,JAX,Sat,December 24,boxscore,W,,,Tennessee Titans,38,17,27,39,331,2,0,2,14,8.8,8.1,69.2,112.2,28,84,3.0,1,4,4,2,4,3,143,4,12,0,0,32:31,16,Sat,December 24,boxscore,W,,,Tennessee Titans,38,17,21,44,205,2,1,3,18,5.1,4.4,47.7,67.0,20,58,2.9,0,1,1,2,2,7,313,5,14,0,1,27:29
3311,2016,17,JAX,Sun,January 1,boxscore,L,,@,Indianapolis Colts,20,24,25,39,288,1,0,2,13,7.7,7.0,64.1,94.8,30,182,6.1,1,2,4,2,2,4,188,4,14,0,0,29:36,17,Sun,January 1,boxscore,L,,@,Indianapolis Colts,20,24,24,41,290,2,1,4,31,7.8,6.4,58.5,86.4,22,94,4.3,1,1,2,3,3,5,203,2,10,1,1,30:24
3808,2017,1,JAX,Sun,September 10,boxscore,W,,@,Houston Texans,29,7,11,21,125,1,0,0,0,6.0,6.0,52.4,86.4,39,155,4.0,1,3,4,2,3,4,187,3,12,1,1,30:05,1,Sun,September 10,boxscore,W,,@,Houston Texans,29,7,19,36,110,1,1,10,54,4.6,2.4,52.8,56.5,23,93,4.0,0,0,0,1,1,5,216,5,12,0,1,29:55
3809,2017,2,JAX,Sun,September 17,boxscore,L,,,Tennessee Titans,16,37,20,34,211,1,2,2,12,6.6,5.9,58.8,62.3,25,99,4.0,1,1,1,1,1,5,246,6,13,0,0,29:14,2,Sun,September 17,boxscore,L,,,Tennessee Titans,16,37,15,27,211,1,1,1,4,8.0,7.5,55.6,77.9,36,179,5.0,3,3,3,4,4,3,125,6,13,0,0,30:46
3810,2017,3,JAX,Sun,September 24,boxscore,W,,,Baltimore Ravens,44,7,20,33,244,4,0,0,0,7.4,7.4,60.6,123.0,35,166,4.7,1,3,3,5,5,3,150,3,12,2,2,34:03,3,Sun,September 24,boxscore,W,,,Baltimore Ravens,44,7,14,27,52,1,2,2,12,2.4,1.8,51.9,39.3,25,134,5.4,0,0,0,1,1,7,311,3,11,0,1,25:57
3811,2017,4,JAX,Sun,October 1,boxscore,L,OT,@,New York Jets,20,23,15,35,136,1,1,1,4,4.0,3.8,42.9,51.6,39,175,4.5,0,2,3,2,2,8,361,4,15,0,0,35:08,4,Sun,October 1,boxscore,L,OT,@,New York Jets,20,23,23,32,215,0,1,5,40,8.0,5.8,71.9,77.0,32,256,8.0,2,3,4,2,2,6,262,6,17,1,1,34:24
3812,2017,5,JAX,Sun,October 8,boxscore,W,,@,Pittsburgh Steelers,30,9,8,14,82,0,1,2,13,6.8,5.1,57.1,44.3,37,231,6.2,2,1,1,3,4,5,190,6,12,0,0,28:52,5,Sun,October 8,boxscore,W,,@,Pittsburgh Steelers,30,9,33,55,301,0,5,2,11,5.7,5.3,60.0,37.0,20,70,3.5,0,3,3,0,0,3,134,7,15,0,0,31:08
3813,2017,6,JAX,Sun,October 15,boxscore,L,,,Los Angeles Rams,17,27,23,35,220,1,1,5,21,6.9,5.5,65.7,80.7,26,169,6.5,1,1,3,2,2,8,274,4,15,1,1,31:59,6,Sun,October 15,boxscore,L,,,Los Angeles Rams,17,27,11,21,107,1,0,3,17,5.9,4.5,52.4,82.8,32,142,4.4,0,2,2,3,3,7,322,4,13,0,0,28:01
3814,2017,7,JAX,Sun,October 22,boxscore,W,,@,Indianapolis Colts,27,0,18,27,330,1,0,1,0,12.2,11.8,66.7,120.9,37,188,5.1,2,2,2,3,3,2,107,8,14,0,1,32:47,7,Sun,October 22,boxscore,W,,@,Indianapolis Colts,27,0,22,37,136,0,0,10,64,5.4,2.9,59.5,66.9,20,96,4.8,0,0,0,0,0,7,314,5,15,0,3,27:13
3815,2017,9,JAX,Sun,November 5,boxscore,W,,,Cincinnati Bengals,23,7,24,38,259,1,0,0,0,6.8,6.8,63.2,91.9,40,149,3.7,0,3,3,2,2,2,94,12,18,0,1,40:14,9,Sun,November 5,boxscore,W,,,Cincinnati Bengals,23,7,10,18,119,0,0,2,17,7.6,6.0,55.6,75.9,17,29,1.7,1,0,0,1,1,7,336,1,8,0,0,19:46
3816,2017,10,JAX,Sun,November 12,boxscore,W,OT,,Los Angeles Chargers,20,17,28,51,263,1,2,3,10,5.4,4.9,54.9,59.5,27,135,5.0,1,2,2,0,1,9,431,5,18,1,2,35:01,10,Sun,November 12,boxscore,W,OT,,Los Angeles Chargers,20,17,21,37,235,2,1,0,0,6.4,6.4,56.8,82.6,30,87,2.9,0,1,1,2,2,10,485,3,15,0,0,31:47
3817,2017,11,JAX,Sun,November 19,boxscore,W,,@,Cleveland Browns,19,7,17,30,145,1,0,2,9,5.1,4.5,56.7,80.6,44,139,3.2,0,2,3,1,1,9,354,6,20,1,1,36:55,11,Sun,November 19,boxscore,W,,@,Cleveland Browns,19,7,16,32,134,1,2,5,45,5.6,3.6,50.0,45.6,18,50,2.8,0,0,0,1,1,8,376,3,13,0,1,23:05
3818,2017,12,JAX,Sun,November 26,boxscore,L,,@,Arizona Cardinals,24,27,19,33,128,0,1,3,32,4.8,3.6,57.6,53.6,22,91,4.1,2,1,1,3,3,8,396,1,12,1,1,25:21,12,Sun,November 26,boxscore,L,,@,Arizona Cardinals,24,27,22,38,236,2,1,1,5,6.3,6.1,57.9,82.8,31,108,3.5,0,4,4,1,1,6,274,7,17,0,0,34:39
3819,2017,13,JAX,Sun,December 3,boxscore,W,,,Indianapolis Colts,30,10,27,36,330,2,0,1,8,9.4,8.9,75.0,121.3,27,96,3.6,1,3,3,1,1,2,76,9,15,1,1,33:47,13,Sun,December 3,boxscore,W,,,Indianapolis Colts,30,10,21,36,149,1,2,4,25,4.8,3.7,58.3,54.1,26,141,5.4,0,1,1,1,1,4,187,5,15,4,4,26:13
3820,2017,14,JAX,Sun,December 10,boxscore,W,,,Seattle Seahawks,30,24,18,27,268,2,0,0,0,9.9,9.9,66.7,123.7,39,156,4.0,1,3,3,3,3,5,194,4,13,0,0,33:01,14,Sun,December 10,boxscore,W,,,Seattle Seahawks,30,24,17,31,260,3,3,2,11,8.7,7.9,54.8,75.4,24,141,5.9,0,1,2,3,3,4,181,2,9,0,1,26:59
3821,2017,15,JAX,Sun,December 17,boxscore,W,,,Houston Texans,45,7,21,29,326,3,0,1,0,11.2,10.9,72.4,143.7,38,138,3.6,3,1,1,6,6,6,283,3,10,0,0,33:18,15,Sun,December 17,boxscore,W,,,Houston Texans,45,7,12,31,99,1,1,4,29,4.1,2.8,38.7,45.0,21,87,4.1,0,0,0,1,1,11,518,4,16,0,0,26:42
3822,2017,16,JAX,Sun,December 24,boxscore,L,,@,San Francisco 49ers,33,44,32,50,380,2,3,1,2,7.6,7.5,64.0,75.4,28,92,3.3,2,1,1,2,3,4,156,5,13,2,2,30:49,16,Sun,December 24,boxscore,L,,@,San Francisco 49ers,33,44,21,30,238,2,1,1,4,8.1,7.7,70.0,101.8,35,131,3.7,3,1,1,5,6,3,131,10,15,0,0,29:11
3823,2017,17,JAX,Sun,December 31,boxscore,L,,@,Tennessee Titans,10,15,15,34,146,0,2,2,12,4.6,4.1,44.1,32.2,24,83,3.5,0,1,1,1,1,8,336,6,16,0,0,26:33,17,Sun,December 31,boxscore,L,,@,Tennessee Titans,10,15,12,21,116,1,0,3,18,6.4,4.8,57.1,88.6,39,116,3.0,0,3,3,0,1,9,383,3,16,1,1,33:27
4320,2018,1,JAX,Sun,September 9,boxscore,W,,@,New York Giants,20,15,18,33,168,1,1,1,8,5.3,4.9,54.5,66.2,28,137,4.9,0,2,2,2,2,7,264,4,13,0,0,29:31,1,Sun,September 9,boxscore,W,,@,New York Giants,20,15,23,37,210,0,1,2,14,6.1,5.4,62.2,66.3,23,114,5.0,1,3,3,0,0,5,247,4,13,0,2,30:29
4321,2018,2,JAX,Sun,September 16,boxscore,W,,,New England Patriots,31,20,29,45,376,4,1,0,0,8.4,8.4,64.4,111.0,24,104,4.3,0,1,1,4,4,3,106,10,14,0,0,30:46,2,Sun,September 16,boxscore,W,,,New England Patriots,31,20,24,35,220,2,0,2,14,6.7,5.9,68.6,104.5,24,82,3.4,0,2,3,2,2,4,222,4,12,0,0,29:14
4322,2018,3,JAX,Sun,September 23,boxscore,L,,,Tennessee Titans,6,9,21,34,145,0,0,3,10,4.6,3.9,61.8,71.3,19,87,4.6,0,2,2,0,0,6,273,5,14,0,1,27:13,3,Sun,September 23,boxscore,L,,,Tennessee Titans,6,9,13,21,83,0,0,3,25,5.1,3.5,61.9,70.1,35,150,4.3,0,3,4,0,0,6,280,5,15,0,0,32:47
4323,2018,4,JAX,Sun,September 30,boxscore,W,,,New York Jets,31,12,29,38,377,2,1,2,11,10.2,9.4,76.3,113.6,34,126,3.7,1,3,3,2,2,4,185,6,15,1,1,37:35,4,Sun,September 30,boxscore,W,,,New York Jets,31,12,17,34,144,1,0,3,23,4.9,3.9,50.0,71.2,14,34,2.4,0,2,2,0,0,7,345,3,13,0,1,22:25
4324,2018,5,JAX,Sun,October 7,boxscore,L,,@,Kansas City Chiefs,14,30,33,61,401,1,4,5,29,7.0,6.1,54.1,52.7,17,101,5.9,1,0,0,2,2,3,108,7,16,3,5,27:17,5,Sun,October 7,boxscore,L,,@,Kansas City Chiefs,14,30,22,38,298,0,2,1,15,8.2,7.6,57.9,61.1,30,126,4.2,2,3,3,3,3,2,116,4,12,0,0,32:43
4325,2018,6,JAX,Sun,October 14,boxscore,L,,@,Dallas Cowboys,7,40,15,26,139,1,1,3,10,5.7,4.8,57.7,69.2,18,65,3.6,0,0,0,1,1,6,248,4,11,0,1,21:10,6,Sun,October 14,boxscore,L,,@,Dallas Cowboys,7,40,17,27,172,2,0,3,11,6.8,5.7,63.0,105.8,42,206,4.9,2,4,4,4,4,3,123,7,17,2,2,38:50
4326,2018,7,JAX,Sun,October 21,boxscore,L,,,Houston Texans,7,20,27,42,189,1,1,4,28,5.2,4.1,64.3,72.4,22,70,3.2,0,0,0,1,1,6,274,9,19,0,1,30:25,7,Sun,October 21,boxscore,L,,,Houston Texans,7,20,12,24,131,1,0,1,8,5.8,5.2,50.0,80.4,37,141,3.8,1,2,2,2,2,6,277,8,16,0,0,29:35
4327,2018,8,JAX,Sun,October 28,boxscore,L,,,Philadelphia Eagles,18,24,24,41,265,1,0,4,21,7.0,5.9,58.5,85.9,17,70,4.1,0,4,4,0,0,2,96,6,14,1,2,27:22,8,Sun,October 28,boxscore,L,,,Philadelphia Eagles,18,24,21,30,262,3,1,4,24,9.5,7.7,70.0,116.3,28,133,4.8,0,1,1,3,3,3,155,7,12,0,0,32:38
4328,2018,10,JAX,Sun,November 11,boxscore,L,,@,Indianapolis Colts,26,29,27,39,324,2,0,0,0,8.3,8.3,69.2,111.5,34,91,2.7,1,2,3,2,3,3,138,9,17,1,1,35:10,10,Sun,November 11,boxscore,L,,@,Indianapolis Colts,26,29,21,29,285,3,1,0,0,9.8,9.8,72.4,123.5,23,81,3.5,1,0,1,3,3,3,138,6,11,0,0,24:50
4329,2018,11,JAX,Sun,November 18,boxscore,L,,,Pittsburgh Steelers,16,20,10,18,64,0,0,6,40,5.8,2.7,55.6,63.2,43,179,4.2,1,3,3,1,1,9,415,6,18,0,0,37:40,11,Sun,November 18,boxscore,L,,,Pittsburgh Steelers,16,20,27,47,297,2,3,2,17,6.7,6.1,57.4,63.9,11,26,2.4,1,0,0,2,2,6,306,3,11,0,2,22:20
4330,2018,12,JAX,Sun,November 25,boxscore,L,,@,Buffalo Bills,21,24,12,23,107,1,2,3,20,5.5,4.1,52.2,43.2,39,226,5.8,2,0,1,3,3,6,287,5,13,0,0,32:42,12,Sun,November 25,boxscore,L,,@,Buffalo Bills,21,24,8,19,160,1,0,0,0,8.4,8.4,42.1,89.8,35,167,4.8,2,1,1,3,3,7,314,2,10,0,0,27:18
4331,2018,13,JAX,Sun,December 2,boxscore,W,,,Indianapolis Colts,6,0,18,24,132,0,0,3,18,6.3,4.9,75.0,87.5,27,79,2.9,0,2,2,0,0,7,329,6,15,0,0,29:33,13,Sun,December 2,boxscore,W,,,Indianapolis Colts,6,0,33,52,224,0,1,3,24,4.8,4.1,63.5,64.9,16,41,2.6,0,0,0,0,0,6,298,5,18,0,3,30:27
4332,2018,14,JAX,Thu,December 6,boxscore,L,,@,Tennessee Titans,9,30,25,43,195,1,0,4,45,5.6,4.1,58.1,77.2,20,60,3.0,0,0,0,1,1,5,250,2,12,2,5,30:40,14,Thu,December 6,boxscore,L,,@,Tennessee Titans,9,30,18,24,162,0,1,1,0,6.8,6.5,75.0,75.3,32,264,8.3,4,1,1,3,4,2,118,7,11,0,1,29:20
4333,2018,15,JAX,Sun,December 16,boxscore,L,,,Washington Redskins,13,16,9,17,20,0,1,6,37,3.4,0.9,52.9,34.2,26,172,6.6,0,2,2,1,1,5,262,5,13,0,0,26:54,15,Sun,December 16,boxscore,L,,,Washington Redskins,13,16,16,25,136,1,0,3,15,6.0,4.9,64.0,91.4,33,109,3.3,0,3,3,1,1,6,279,7,15,0,0,33:06
4334,2018,16,JAX,Sun,December 23,boxscore,W,,@,Miami Dolphins,17,7,17,24,118,0,0,6,27,6.0,3.9,70.8,81.6,32,126,3.9,1,1,2,2,2,5,188,6,13,0,0,34:45,16,Sun,December 23,boxscore,W,,@,Miami Dolphins,17,7,15,22,121,1,1,3,25,6.6,4.8,68.2,78.0,18,62,3.4,0,0,1,1,1,6,278,2,9,0,0,25:15
4335,2018,17,JAX,Sun,December 30,boxscore,L,,@,Houston Texans,3,20,15,28,89,0,1,3,18,3.8,2.9,53.6,45.1,16,30,1.9,0,1,1,0,0,9,449,3,13,0,0,24:53,17,Sun,December 30,boxscore,L,,@,Houston Texans,3,20,25,35,208,0,0,6,26,6.7,5.1,71.4,86.4,33,134,4.1,2,2,2,2,2,7,295,6,17,1,1,35:07
4832,2019,1,JAX,Sun,September 8,boxscore,L,,,Kansas City Chiefs,26,40,27,33,347,3,1,1,3,10.6,10.2,81.8,128.2,16,81,5.1,0,2,2,2,2,2,96,5,10,0,0,28:45,1,Sun,September 8,boxscore,L,,,Kansas City Chiefs,26,40,25,34,378,3,0,0,0,11.1,11.1,73.5,139.1,26,113,4.3,1,4,4,4,4,1,51,5,10,0,0,31:15
4833,2019,2,JAX,Sun,September 15,boxscore,L,,@,Houston Texans,12,13,23,33,178,1,0,4,35,6.5,4.8,69.7,92.7,21,103,4.9,0,2,2,0,0,6,288,3,13,2,2,30:01,2,Sun,September 15,boxscore,L,,@,Houston Texans,12,13,16,29,137,0,0,4,22,5.5,4.2,55.2,67.7,30,126,4.2,1,2,2,1,1,7,307,6,15,1,1,29:59
4834,2019,3,JAX,Thu,September 19,boxscore,W,,,Tennessee Titans,20,7,20,30,204,2,0,0,0,6.8,6.8,66.7,108.2,20,88,4.4,0,2,2,2,2,6,252,2,11,0,1,24:44,3,Thu,September 19,boxscore,W,,,Tennessee Titans,20,7,23,40,249,0,0,9,55,7.6,5.1,57.5,75.9,26,91,3.5,1,0,0,1,1,8,372,8,17,0,1,35:16
4835,2019,4,JAX,Sun,September 29,boxscore,W,,@,Denver Broncos,26,24,19,33,186,2,0,5,27,6.5,4.9,57.6,93.7,38,269,7.1,0,4,4,2,2,6,273,4,14,1,1,39:12,4,Sun,September 29,boxscore,W,,@,Denver Broncos,26,24,22,38,303,3,1,0,0,8.0,8.0,57.9,98.9,16,68,4.3,0,1,1,3,3,6,271,4,11,0,0,20:48
4836,2019,5,JAX,Sun,October 6,boxscore,L,,@,Carolina Panthers,27,34,26,44,358,2,0,2,16,8.5,7.8,59.1,100.4,31,149,4.8,1,2,2,3,3,4,193,6,13,0,0,32:24,5,Sun,October 6,boxscore,L,,@,Carolina Panthers,27,34,17,31,160,1,0,3,21,5.8,4.7,54.8,80.0,27,285,10.6,3,0,2,4,5,5,238,4,12,0,1,27:36
4837,2019,6,JAX,Sun,October 13,boxscore,L,,,New Orleans Saints,6,13,14,29,151,0,1,2,12,5.6,4.9,48.3,49.6,24,75,3.1,0,2,2,0,0,5,244,4,14,0,1,26:51,6,Sun,October 13,boxscore,L,,,New Orleans Saints,6,13,24,36,222,1,0,3,18,6.7,5.7,66.7,92.6,26,104,4.0,0,2,2,1,1,6,251,5,13,0,0,33:09
4838,2019,7,JAX,Sun,October 20,boxscore,W,,@,Cincinnati Bengals,27,17,15,32,244,1,0,2,11,8.0,7.2,46.9,83.3,44,216,4.9,0,4,4,1,1,6,253,4,16,1,2,38:17,7,Sun,October 20,boxscore,W,,@,Cincinnati Bengals,27,17,22,43,258,1,3,2,18,6.4,5.7,51.2,48.4,20,33,1.7,1,1,1,2,2,6,290,5,12,0,0,21:43
4839,2019,8,JAX,Sun,October 27,boxscore,W,,,New York Jets,29,15,22,34,278,3,0,2,1,8.2,7.7,64.7,119.5,34,111,3.3,0,3,3,2,3,4,153,8,17,0,1,33:21,8,Sun,October 27,boxscore,W,,,New York Jets,29,15,21,30,167,2,3,8,51,7.3,4.4,70.0,66.2,14,46,3.3,0,0,0,1,1,5,246,2,9,1,2,26:39
4840,2019,9,JAX,Sun,November 3,boxscore,L,,,Houston Texans,3,26,27,47,282,0,2,4,27,6.6,5.5,57.4,57.2,15,74,4.9,0,1,1,0,0,3,153,4,11,0,2,27:27,9,Sun,November 3,boxscore,L,,,Houston Texans,3,26,22,28,194,2,0,1,7,7.2,6.7,78.6,119.3,34,216,6.4,1,2,3,2,3,3,136,4,11,1,1,32:33
4841,2019,11,JAX,Sun,November 17,boxscore,L,,@,Indianapolis Colts,13,33,33,47,279,2,1,2,17,6.3,5.7,70.2,90.6,9,29,3.2,0,0,1,1,1,6,280,6,14,0,1,26:08,11,Sun,November 17,boxscore,L,,@,Indianapolis Colts,13,33,15,24,125,1,1,3,23,6.2,4.6,62.5,72.4,36,264,7.3,3,1,1,4,4,3,129,4,11,1,2,33:52
4842,2019,12,JAX,Sun,November 24,boxscore,L,,@,Tennessee Titans,20,42,32,48,252,0,0,3,20,5.7,4.9,66.7,79.5,27,117,4.3,2,2,2,0,0,6,288,7,18,1,2,36:56,12,Sun,November 24,boxscore,L,,@,Tennessee Titans,20,42,14,18,252,2,0,1,7,14.4,13.3,77.8,155.8,33,219,6.6,4,0,0,6,6,3,132,4,8,0,0,23:04
4843,2019,13,JAX,Sun,December 1,boxscore,L,,,Tampa Bay Buccaneers,11,28,23,41,193,1,2,5,47,5.9,4.2,56.1,56.2,17,49,2.9,0,1,1,0,0,4,183,4,14,1,3,26:28,13,Sun,December 1,boxscore,L,,,Tampa Bay Buccaneers,11,28,21,33,241,0,0,4,27,8.1,6.5,63.6,85.5,31,74,2.4,2,2,2,2,2,4,193,7,17,1,2,33:32
4844,2019,14,JAX,Sun,December 8,boxscore,L,,,Los Angeles Chargers,10,45,25,38,164,1,0,2,7,4.5,4.1,65.8,83.7,23,88,3.8,0,1,1,1,1,5,231,4,15,2,4,30:37,14,Sun,December 8,boxscore,L,,,Los Angeles Chargers,10,45,19,27,330,4,0,1,10,12.6,11.8,70.4,151.2,30,195,6.5,2,1,1,6,6,2,104,6,8,0,0,29:23
4845,2019,15,JAX,Sun,December 15,boxscore,W,,@,Oakland Raiders,20,16,17,29,185,2,0,2,16,6.9,6.0,58.6,100.5,22,77,3.5,0,2,2,2,2,5,248,3,12,1,1,25:48,15,Sun,December 15,boxscore,W,,@,Oakland Raiders,20,16,22,36,236,1,0,4,31,7.4,5.9,61.1,89.6,32,128,4.0,0,3,4,1,1,4,167,4,11,0,0,34:12
4846,2019,16,JAX,Sun,December 22,boxscore,L,,@,Atlanta Falcons,12,24,14,32,173,1,0,3,15,5.9,4.9,43.8,71.5,24,115,4.8,0,2,2,0,0,5,254,3,14,3,4,26:53,16,Sun,December 22,boxscore,L,,@,Atlanta Falcons,12,24,32,45,383,1,2,1,1,8.5,8.3,71.1,85.7,27,135,5.0,2,1,2,3,3,3,121,7,13,0,0,33:07
4847,2019,17,JAX,Sun,December 29,boxscore,W,,,Indianapolis Colts,38,20,27,39,286,3,1,3,9,7.6,6.8,69.2,105.3,24,67,2.8,0,3,3,3,3,2,118,9,14,0,0,33:53,17,Sun,December 29,boxscore,W,,,Indianapolis Colts,38,20,12,25,143,0,0,3,19,6.5,5.1,48.0,65.9,27,132,4.9,2,2,2,2,2,3,133,4,12,0,1,26:07
5344,2020,1,JAX,Sun,September 13,boxscore,W,,,Indianapolis Colts,27,20,19,20,150,3,0,4,23,8.7,6.3,95.0,137.5,23,91,4.0,0,2,2,3,3,3,136,5,10,0,0,26:37,1,Sun,September 13,boxscore,W,,,Indianapolis Colts,27,20,36,46,357,1,2,1,6,7.9,7.6,78.3,88.1,22,88,4.0,1,2,3,2,2,0,0,4,12,1,3,33:23
5345,2020,2,JAX,Sun,September 20,boxscore,L,,@,Tennessee Titans,30,33,30,45,315,3,2,2,24,7.5,6.7,66.7,90.5,27,165,6.1,1,1,1,3,4,2,80,10,14,1,1,33:22,2,Sun,September 20,boxscore,L,,@,Tennessee Titans,30,33,18,24,231,4,0,1,8,10.0,9.2,75.0,144.3,34,123,3.6,0,2,2,3,4,3,122,7,11,0,0,26:38
5346,2020,3,JAX,Thu,September 24,boxscore,L,,,Miami Dolphins,13,31,30,42,246,0,1,4,29,6.5,5.3,71.4,76.1,17,72,4.2,2,0,0,1,2,3,157,3,10,0,3,25:38,3,Thu,September 24,boxscore,L,,,Miami Dolphins,13,31,18,20,156,2,0,1,4,8.0,7.4,90.0,132.5,36,138,3.8,2,1,1,4,4,4,164,7,13,1,1,34:22
5347,2020,4,JAX,Sun,October 4,boxscore,L,,@,Cincinnati Bengals,25,33,27,40,340,2,1,3,11,8.8,7.9,67.5,100.0,20,89,4.5,0,4,5,1,1,2,88,2,10,1,1,26:49,4,Sun,October 4,boxscore,L,,@,Cincinnati Bengals,25,33,25,36,300,1,1,1,0,8.3,8.1,69.4,92.4,34,205,6.0,2,4,4,3,3,1,40,4,11,1,1,33:11
5348,2020,5,JAX,Sun,October 11,boxscore,L,,@,Houston Texans,14,30,31,49,289,2,0,4,12,6.1,5.5,63.3,93.0,20,75,3.8,0,0,2,2,2,3,143,8,16,1,3,31:59,5,Sun,October 11,boxscore,L,,@,Houston Texans,14,30,25,35,357,3,2,1,2,10.3,9.9,71.4,108.9,22,129,5.9,0,3,3,3,3,1,33,5,10,1,1,28:01
5349,2020,6,JAX,Sun,October 18,boxscore,L,,,Detroit Lions,16,34,25,44,231,1,1,1,12,5.5,5.1,56.8,69.4,16,44,2.8,1,1,2,1,1,2,76,7,13,0,2,24:03,6,Sun,October 18,boxscore,L,,,Detroit Lions,16,34,19,31,223,1,1,0,0,7.2,7.2,61.3,80.4,39,180,4.6,3,2,3,4,4,2,90,3,12,2,2,35:57
5350,2020,7,JAX,Sun,October 25,boxscore,L,,@,Los Angeles Chargers,29,39,14,27,154,2,0,5,19,6.4,4.8,51.9,93.7,27,140,5.2,1,0,0,1,1,5,227,6,15,1,4,25:29,7,Sun,October 25,boxscore,L,,@,Los Angeles Chargers,29,39,28,44,349,3,0,1,2,8.0,7.8,63.6,110.9,32,135,4.2,2,2,3,3,4,4,138,6,14,0,0,34:31
5351,2020,9,JAX,Sun,November 8,boxscore,L,,,Houston Texans,25,27,26,38,288,1,1,2,16,8.0,7.2,68.4,88.5,27,115,4.3,2,2,2,1,2,5,234,6,14,0,1,32:07,9,Sun,November 8,boxscore,L,,,Houston Texans,25,27,19,32,267,2,0,2,14,8.8,7.9,59.4,107.2,28,107,3.8,1,2,2,3,3,5,223,6,15,0,0,27:53
5352,2020,10,JAX,Sun,November 15,boxscore,L,,@,Green Bay Packers,20,24,18,35,151,1,1,3,18,4.8,4.0,51.4,60.5,23,109,4.7,0,2,2,2,2,6,275,4,13,0,1,28:19,10,Sun,November 15,boxscore,L,,@,Green Bay Packers,20,24,24,34,315,2,1,1,10,9.6,9.0,70.6,106.9,25,80,3.2,1,1,1,3,3,5,215,5,13,0,1,31:41
5353,2020,11,JAX,Sun,November 22,boxscore,L,,,Pittsburgh Steelers,3,27,16,37,133,0,4,2,18,4.1,3.4,43.2,13.5,17,73,4.3,0,1,1,0,0,6,324,4,13,0,1,23:31,11,Sun,November 22,boxscore,L,,,Pittsburgh Steelers,3,27,32,46,267,2,1,0,0,5.8,5.8,69.6,89.7,27,106,3.9,1,2,3,3,3,5,216,7,17,1,1,36:29
5354,2020,12,JAX,Sun,November 29,boxscore,L,,,Cleveland Browns,25,27,20,35,235,2,0,0,0,6.7,6.7,57.1,96.7,25,140,5.6,1,2,3,1,1,3,137,5,13,1,1,27:19,12,Sun,November 29,boxscore,L,,,Cleveland Browns,25,27,19,29,252,2,0,2,6,8.9,8.1,65.5,115.9,33,207,6.3,1,2,2,3,3,1,47,5,11,1,2,32:41
5355,2020,13,JAX,Sun,December 6,boxscore,L,OT,@,Minnesota Vikings,24,27,28,42,266,1,2,2,14,6.7,6.0,66.7,72.1,25,124,5.0,1,1,2,1,2,5,258,4,13,0,0,30:38,13,Sun,December 6,boxscore,L,OT,@,Minnesota Vikings,24,27,28,43,275,3,1,4,30,7.1,5.9,65.1,96.6,38,145,3.8,0,2,3,1,3,7,331,7,16,0,0,37:33
5356,2020,14,JAX,Sun,December 13,boxscore,L,,,Tennessee Titans,10,31,31,54,263,1,1,0,0,4.9,4.9,57.4,68.7,15,91,6.1,0,1,2,1,1,4,199,5,14,1,3,28:17,14,Sun,December 13,boxscore,L,,,Tennessee Titans,10,31,19,24,205,2,0,1,7,8.8,8.2,79.2,130.0,40,249,6.2,2,1,1,4,4,4,165,3,9,1,2,31:43
5357,2020,15,JAX,Sun,December 20,boxscore,L,,@,Baltimore Ravens,14,40,22,29,205,2,0,5,21,7.8,6.0,75.9,117.7,22,62,2.8,0,0,0,2,2,3,110,5,12,1,3,28:12,15,Sun,December 20,boxscore,L,,@,Baltimore Ravens,14,40,19,26,250,3,1,1,0,9.6,9.3,73.1,125.5,37,159,4.3,2,1,2,5,5,0,0,8,12,1,2,31:48
5358,2020,16,JAX,Sun,December 27,boxscore,L,,,Chicago Bears,17,41,24,37,203,2,2,1,8,5.7,5.3,64.9,74.5,16,76,4.8,0,1,1,2,2,6,272,5,12,0,0,27:00,16,Sun,December 27,boxscore,L,,,Chicago Bears,17,41,24,36,263,2,1,1,2,7.4,7.1,66.7,95.0,33,128,3.9,3,2,2,5,5,3,133,6,12,2,2,33:00
5359,2020,17,JAX,Sun,January 3,boxscore,L,,@,Indianapolis Colts,14,28,26,42,230,2,0,6,31,6.2,4.8,61.9,92.4,17,53,3.1,0,0,0,2,2,7,335,5,15,0,2,26:22,17,Sun,January 3,boxscore,L,,@,Indianapolis Colts,14,28,17,27,164,1,1,0,0,6.1,6.1,63.0,76.8,37,273,7.4,2,2,4,2,2,4,173,3,10,0,0,33:38
5870,2021,1,JAX,Sun,September 12,boxscore,L,,@,Houston Texans,21,37,28,51,319,3,3,1,13,6.5,6.1,54.9,69.0,16,76,4.8,0,0,1,3,3,6,297,3,11,1,1,24:56,1,Sun,September 12,boxscore,L,,@,Houston Texans,21,37,21,33,289,2,0,1,2,8.8,8.5,63.6,111.8,41,160,3.9,2,3,3,4,4,6,266,12,21,0,0,35:04
5871,2021,2,JAX,Sun,September 19,boxscore,L,,,Denver Broncos,13,23,14,33,114,1,2,1,4,3.6,3.4,42.4,36.7,16,75,4.7,0,0,2,1,1,4,227,4,11,1,1,21:08,2,Sun,September 19,boxscore,L,,,Denver Broncos,13,23,26,34,302,2,0,3,26,9.6,8.2,76.5,122.4,30,96,3.2,0,3,3,2,2,4,180,2,11,2,2,38:52
5872,2021,3,JAX,Sun,September 26,boxscore,L,,,Arizona Cardinals,19,31,22,34,202,1,2,3,17,6.4,5.5,64.7,66.1,29,159,5.5,1,0,0,1,3,6,289,2,11,1,1,27:06,3,Sun,September 26,boxscore,L,,,Arizona Cardinals,19,31,28,34,316,0,1,0,0,9.3,9.3,82.4,93.1,30,91,3.0,3,1,2,4,4,5,253,1,9,2,2,32:54
5873,2021,4,JAX,Thu,September 30,boxscore,L,,@,Cincinnati Bengals,21,24,17,24,202,0,0,1,2,8.5,8.1,70.8,96.2,30,139,4.6,3,0,0,3,3,4,183,6,12,1,2,28:45,4,Thu,September 30,boxscore,L,,@,Cincinnati Bengals,21,24,25,32,342,2,0,1,6,10.9,10.4,78.1,132.0,22,78,3.5,1,1,2,3,3,3,142,5,9,0,0,31:15
5874,2021,5,JAX,Sun,October 10,boxscore,L,,,Tennessee Titans,19,37,23,33,256,1,1,2,17,8.3,7.3,69.7,90.0,31,198,6.4,2,0,1,1,2,2,80,3,10,1,3,28:30,5,Sun,October 10,boxscore,L,,,Tennessee Titans,19,37,14,22,184,1,0,3,13,9.0,7.4,63.6,105.1,36,184,5.1,3,1,1,4,5,4,170,5,11,1,1,31:30
5875,2021,6,JAX,Sun,October 17,boxscore,W,,,Miami Dolphins,23,20,25,41,312,1,0,2,7,7.8,7.3,61.0,92.7,19,84,4.4,1,3,3,2,2,4,152,3,12,2,3,27:20,6,Sun,October 17,boxscore,W,,,Miami Dolphins,23,20,34,48,354,2,1,0,0,7.4,7.4,70.8,97.0,20,77,3.9,0,2,3,2,2,4,158,9,17,1,2,32:40
5876,2021,8,JAX,Sun,October 31,boxscore,L,,@,Seattle Seahawks,7,31,32,54,227,1,1,1,11,4.4,4.1,59.3,67.4,19,82,4.3,0,0,0,1,1,4,195,5,14,1,4,31:29,8,Sun,October 31,boxscore,L,,@,Seattle Seahawks,7,31,20,24,160,2,0,3,35,8.1,5.9,83.3,122.2,25,69,2.8,1,1,1,4,4,5,226,3,10,1,1,28:31
5877,2021,9,JAX,Sun,November 7,boxscore,W,,,Buffalo Bills,9,6,17,28,139,0,0,2,12,5.4,4.6,60.7,73.4,27,79,2.9,0,3,4,0,0,4,180,2,13,2,2,29:22,9,Sun,November 7,boxscore,W,,,Buffalo Bills,9,6,31,47,229,0,2,4,35,5.6,4.5,66.0,59.6,14,72,5.1,0,2,2,0,0,3,148,6,15,0,1,30:38
5878,2021,10,JAX,Sun,November 14,boxscore,L,,@,Indianapolis Colts,17,23,16,35,152,0,0,3,10,4.6,4.0,45.7,58.3,24,179,7.5,2,1,2,0,1,8,332,5,15,0,0,27:44,10,Sun,November 14,boxscore,L,,@,Indianapolis Colts,17,23,22,34,168,0,0,1,12,5.3,4.8,64.7,76.6,27,127,4.7,1,3,3,2,2,7,319,4,15,0,0,32:16
5879,2021,11,JAX,Sun,November 21,boxscore,L,,,San Francisco 49ers,10,30,16,25,146,0,0,3,12,6.3,5.2,64.0,79.7,16,54,3.4,1,1,1,1,1,4,193,5,11,1,1,21:38,11,Sun,November 21,boxscore,L,,,San Francisco 49ers,10,30,16,22,162,2,0,2,14,8.0,6.8,72.7,123.7,42,171,4.1,1,3,3,3,3,2,88,6,12,1,1,38:22
5880,2021,12,JAX,Sun,November 28,boxscore,L,,,Atlanta Falcons,14,21,23,42,216,1,1,1,12,5.4,5.0,54.8,67.2,28,141,5.0,0,2,2,0,0,3,130,9,16,0,2,29:08,12,Sun,November 28,boxscore,L,,,Atlanta Falcons,14,21,19,29,183,1,1,1,7,6.6,6.1,65.5,80.1,29,149,5.1,2,0,0,3,3,5,224,5,12,0,0,30:52
5881,2021,13,JAX,Sun,December 5,boxscore,L,,@,Los Angeles Rams,7,37,16,28,136,0,0,2,9,5.2,4.5,57.1,69.9,25,61,2.4,1,0,0,1,1,5,247,5,12,1,2,26:15,13,Sun,December 5,boxscore,L,,@,Los Angeles Rams,7,37,26,38,290,3,0,1,5,7.8,7.4,68.4,117.2,27,128,4.7,1,3,3,4,4,3,150,5,12,1,1,33:45
5882,2021,14,JAX,Sun,December 12,boxscore,L,,@,Tennessee Titans,0,20,24,40,184,0,4,3,37,5.5,4.3,60.0,31.7,8,8,1.0,0,0,0,0,0,5,225,5,13,1,2,23:03,14,Sun,December 12,boxscore,L,,@,Tennessee Titans,0,20,20,31,161,0,0,4,30,6.2,4.6,64.5,77.5,34,102,3.0,2,2,3,2,2,5,192,6,15,0,0,36:57
5883,2021,15,JAX,Sun,December 19,boxscore,L,,,Houston Texans,16,30,22,38,189,0,0,3,21,5.5,4.6,57.9,71.1,25,107,4.3,1,3,3,1,1,5,237,3,14,2,3,29:53,15,Sun,December 19,boxscore,L,,,Houston Texans,16,30,19,30,206,2,1,1,3,7.0,6.6,63.3,91.8,26,75,2.9,0,3,3,3,3,4,193,10,18,0,0,30:07
5884,2021,16,JAX,Sun,December 26,boxscore,L,,@,New York Jets,21,26,26,39,252,0,0,1,28,7.2,6.3,66.7,84.6,31,132,4.3,1,3,3,0,0,1,59,6,13,2,3,32:18,16,Sun,December 26,boxscore,L,,@,New York Jets,21,26,14,22,100,1,0,1,2,4.6,4.3,63.6,89.2,36,273,7.6,1,2,2,2,3,1,55,4,12,3,5,27:42
5885,2021,17,JAX,Sun,January 2,boxscore,L,,@,New England Patriots,10,50,17,27,173,1,3,2,20,7.1,6.0,63.0,54.0,17,80,4.7,0,1,1,1,1,4,159,3,9,0,0,23:14,17,Sun,January 2,boxscore,L,,@,New England Patriots,10,50,25,34,290,3,0,0,0,8.5,8.5,73.5,128.3,36,181,5.0,4,1,1,5,6,1,40,8,10,0,0,36:46
5886,2021,18,JAX,Sun,January 9,boxscore,W,,,Indianapolis Colts,26,11,23,32,217,2,0,1,6,7.0,6.6,71.9,111.1,31,101,3.3,0,4,4,2,2,3,152,7,15,1,1,33:19,18,Sun,January 9,boxscore,W,,,Indianapolis Colts,26,11,17,29,139,1,1,6,46,6.4,4.0,58.6,68.0,18,94,5.2,0,1,1,0,0,2,78,4,12,2,5,26:41
6412,2022,1,JAX,Sun,September 11,boxscore,L,,@,Washington Commanders,22,28,24,42,260,1,1,2,15,6.5,5.9,57.1,73.5,18,123,6.8,1,3,4,1,1,3,150,3,12,0,1,26:27,1,Sun,September 11,boxscore,L,,@,Washington Commanders,22,28,27,41,305,4,2,1,8,7.6,7.3,65.9,100.2,28,85,3.0,0,0,0,2,2,3,147,7,10,0,0,33:33
6413,2022,2,JAX,Sun,September 18,boxscore,W,,,Indianapolis Colts,24,0,25,30,235,2,0,0,0,7.8,7.8,83.3,121.5,37,96,2.6,1,1,1,3,3,5,228,6,15,2,3,38:15,2,Sun,September 18,boxscore,W,,,Indianapolis Colts,24,0,16,30,164,0,3,5,31,6.5,4.7,53.3,29.7,13,54,4.2,0,0,0,0,0,5,227,2,10,0,2,21:45
6414,2022,3,JAX,Sun,September 25,boxscore,W,,@,Los Angeles Chargers,38,10,28,39,262,3,0,0,0,6.7,6.7,71.8,115.5,36,151,4.2,1,3,3,3,3,1,56,8,15,2,3,38:27,3,Sun,September 25,boxscore,W,,@,Los Angeles Chargers,38,10,25,45,286,1,1,1,11,6.6,6.2,55.6,73.0,12,26,2.2,0,1,1,1,1,4,175,5,13,0,2,21:33
6415,2022,4,JAX,Sun,October 2,boxscore,L,,@,Philadelphia Eagles,21,29,11,23,148,2,1,4,26,7.6,5.5,47.8,79.6,19,71,3.7,0,0,0,3,3,3,160,2,7,0,1,20:09,4,Sun,October 2,boxscore,L,,@,Philadelphia Eagles,21,29,16,25,191,0,1,2,13,8.2,7.1,64.0,70.6,50,210,4.2,4,1,1,2,3,3,134,4,15,3,5,39:51
6416,2022,5,JAX,Sun,October 9,boxscore,L,,,Houston Texans,6,13,25,47,286,0,2,0,0,6.1,6.1,53.2,54.0,26,136,5.2,0,2,2,0,0,3,159,6,14,0,3,28:13,5,Sun,October 9,boxscore,L,,,Houston Texans,6,13,16,24,132,0,0,1,8,5.8,5.3,66.7,80.6,31,116,3.7,1,2,2,1,1,6,293,5,13,0,0,31:47
6417,2022,6,JAX,Sun,October 16,boxscore,L,,@,Indianapolis Colts,27,34,20,22,136,1,0,4,29,7.5,5.2,90.9,107.6,33,243,7.4,3,0,0,3,3,3,151,5,10,1,2,31:11,6,Sun,October 16,boxscore,L,,@,Indianapolis Colts,27,34,42,58,389,3,0,0,0,6.7,6.7,72.4,107.6,16,45,2.8,1,2,2,2,2,3,110,10,15,0,0,28:49
6418,2022,7,JAX,Sun,October 23,boxscore,L,,,New York Giants,17,23,22,44,310,0,0,0,0,7.0,7.0,50.0,73.1,21,142,6.8,2,1,1,0,1,2,106,6,13,2,4,25:50,7,Sun,October 23,boxscore,L,,,New York Giants,17,23,19,30,200,1,0,1,2,6.7,6.5,63.3,93.7,39,236,6.1,1,3,3,2,2,2,80,6,12,0,1,34:10
6419,2022,8,JAX,Sun,October 30,boxscore,L,,,Denver Broncos,17,21,18,31,114,1,2,2,19,4.3,3.5,58.1,49.7,32,191,6.0,1,1,1,2,2,6,287,4,11,0,0,34:04,8,Sun,October 30,boxscore,L,,,Denver Broncos,17,21,18,30,230,1,1,3,22,8.4,7.0,60.0,81.3,28,101,3.6,2,0,0,3,3,6,306,2,11,2,3,25:56
6420,2022,9,JAX,Sun,November 6,boxscore,W,,,Las Vegas Raiders,27,20,25,31,235,1,0,0,0,7.6,7.6,80.6,109.0,37,168,4.5,2,2,3,3,3,3,163,9,15,0,0,32:25,9,Sun,November 6,boxscore,W,,,Las Vegas Raiders,27,20,21,36,248,2,0,2,11,7.2,6.5,58.3,97.9,19,73,3.8,0,2,2,2,2,4,196,3,12,1,3,27:35
6421,2022,10,JAX,Sun,November 13,boxscore,L,,@,Kansas City Chiefs,17,27,29,40,240,2,0,5,19,6.5,5.3,72.5,104.2,16,75,4.7,0,1,3,2,2,6,281,4,14,2,2,31:39,10,Sun,November 13,boxscore,L,,@,Kansas City Chiefs,17,27,26,35,331,4,1,0,0,9.5,9.5,74.3,129.6,27,155,5.7,0,0,0,3,4,2,91,7,10,1,1,28:21
6422,2022,12,JAX,Sun,November 27,boxscore,W,,,Baltimore Ravens,28,27,29,37,294,3,0,4,27,8.7,7.2,78.4,126.8,20,38,1.9,0,2,2,2,2,3,206,4,13,2,3,27:21,12,Sun,November 27,boxscore,W,,,Baltimore Ravens,28,27,16,32,253,1,0,1,1,7.9,7.7,50.0,87.1,35,162,4.6,1,4,5,1,1,1,53,8,14,0,1,32:39
6423,2022,13,JAX,Sun,December 4,boxscore,L,,@,Detroit Lions,14,40,19,34,171,1,0,2,14,5.4,4.8,55.9,79.4,19,95,5.0,0,2,2,0,0,3,137,3,12,3,4,23:10,13,Sun,December 4,boxscore,L,,@,Detroit Lions,14,40,31,41,337,2,0,2,3,8.3,7.8,75.6,115.6,31,100,3.2,2,4,4,4,4,0,0,8,12,0,0,36:50
6424,2022,14,JAX,Sun,December 11,boxscore,W,,@,Tennessee Titans,36,22,30,42,368,3,0,0,0,8.8,8.8,71.4,121.9,25,60,2.4,1,3,3,3,3,3,133,6,13,0,1,32:52,14,Sun,December 11,boxscore,W,,@,Tennessee Titans,36,22,25,38,227,2,1,4,27,6.7,5.4,65.8,88.4,20,137,6.9,1,0,0,2,2,3,150,5,10,0,1,27:08
6425,2022,15,JAX,Sun,December 18,boxscore,W,OT,,Dallas Cowboys,40,34,27,42,311,4,1,1,7,7.6,7.2,64.3,108.3,27,192,7.1,0,2,2,4,4,3,160,8,12,0,0,27:42,15,Sun,December 18,boxscore,W,OT,,Dallas Cowboys,40,34,23,30,243,3,2,3,13,8.5,7.4,76.7,105.3,41,154,3.8,1,2,2,4,4,4,185,9,16,0,0,35:26
6426,2022,16,JAX,Thu,December 22,boxscore,W,,@,New York Jets,19,3,20,31,218,0,0,1,11,7.4,6.8,64.5,85.1,39,147,3.8,1,4,5,1,1,2,64,7,16,0,0,34:52,16,Thu,December 22,boxscore,W,,@,New York Jets,19,3,19,33,161,0,1,3,21,5.5,4.5,57.6,57.8,20,66,3.3,0,1,1,0,0,5,201,2,13,1,5,25:08
6427,2022,17,JAX,Sun,January 1,boxscore,W,,@,Houston Texans,31,3,22,29,168,0,2,2,13,6.2,5.4,75.9,60.7,29,169,5.8,3,1,1,4,4,5,217,4,12,0,0,29:30,17,Sun,January 1,boxscore,W,,@,Houston Texans,31,3,25,44,193,0,0,2,18,4.8,4.2,56.8,67.7,21,84,4.0,0,1,1,0,0,6,274,6,17,0,4,30:30
6428,2022,18,JAX,Sat,January 7,boxscore,W,,,Tennessee Titans,20,16,20,32,203,1,0,1,9,6.6,6.2,62.5,91.0,14,19,1.4,0,2,2,2,2,4,204,5,11,0,0,23:48,18,Sat,January 7,boxscore,W,,,Tennessee Titans,20,16,20,29,165,1,1,4,14,6.2,5.0,69.0,80.4,39,147,3.8,0,3,3,1,1,3,166,6,17,2,3,36:12
